date,numbers,number of full data,number of train data,start,end,acc,loss,recall,precision,F1_micro,F1_macro,average_acc,,,,,,,,,,,,,
18:37.5,1,500,535,0,500,85.00%,31.65%,85.00%,85.00%,85.00%,84.93%,85.00%,,,,,,,,,,,,,
23:18.9,2,500,535,0,500,86.00%,27.52%,86.00%,86.00%,86.00%,85.99%,85.50%,,,,,,,,,,,,,
28:01.2,3,500,535,0,500,87.00%,31.52%,87.00%,87.00%,87.00%,86.97%,86.00%,,,,,,,,,,,,,
32:39.7,4,500,535,0,500,83.00%,32.10%,83.00%,83.00%,83.00%,82.98%,85.25%,,,,,,,,,,,,,
37:21.3,5,500,535,0,500,80.00%,56.53%,80.00%,80.00%,80.00%,79.71%,84.20%,,,,,,,,,,,,,
42:12.8,1,500,548,500,1000,81.00%,53.88%,81.00%,81.00%,81.00%,80.95%,81.00%,,,,,,,,,,,,,
46:58.4,2,500,548,500,1000,79.00%,53.64%,79.00%,79.00%,79.00%,78.83%,80.00%,,,,,,,,,,,,,
51:46.7,3,500,548,500,1000,80.00%,41.27%,80.00%,80.00%,80.00%,79.93%,80.00%,,,,,,,,,,,,,
56:35.3,4,500,548,500,1000,76.00%,63.17%,76.00%,76.00%,76.00%,75.37%,79.00%,,,,,,,,,,,,,
01:24.0,5,500,548,500,1000,78.00%,53.33%,78.00%,78.00%,78.00%,77.99%,78.80%,,,,,,,,,,,,,
06:13.1,1,500,537,1000,1500,87.00%,34.73%,87.00%,87.00%,87.00%,86.84%,87.00%,,,,,,,,,,,,,
10:55.1,2,500,537,1000,1500,79.00%,52.79%,79.00%,79.00%,79.00%,78.95%,83.00%,,,,,,,,,,,,,
15:37.3,3,500,537,1000,1500,88.00%,28.82%,88.00%,88.00%,88.00%,87.68%,84.67%,,,,,,,,,,,,,
20:21.8,4,500,537,1000,1500,78.00%,53.60%,78.00%,78.00%,78.00%,76.13%,83.00%,,,,,,,,,,,,,
25:05.9,5,500,537,1000,1500,72.00%,73.21%,72.00%,72.00%,72.00%,67.27%,80.80%,,,,,,,,,,,,,
29:54.9,1,500,539,1500,2000,86.00%,44.00%,86.00%,86.00%,86.00%,85.98%,86.00%,,,,,,,,,,,,,
34:40.3,2,500,539,1500,2000,79.00%,66.30%,79.00%,79.00%,79.00%,77.83%,82.50%,,,,,,,,,,,,,
39:25.0,3,500,539,1500,2000,81.00%,58.17%,81.00%,81.00%,81.00%,80.12%,82.00%,,,,,,,,,,,,,
44:10.0,4,500,539,1500,2000,80.00%,43.82%,80.00%,80.00%,80.00%,80.00%,81.50%,,,,,,,,,,,,,
48:54.7,5,500,539,1500,2000,69.00%,88.42%,69.00%,69.00%,69.00%,65.21%,79.00%,,,,,,,,,,,,,
53:48.6,1,500,553,2000,2500,75.00%,58.52%,75.00%,75.00%,75.00%,73.60%,75.00%,,,,,,,,,,,,,
58:39.8,2,500,553,2000,2500,83.00%,42.16%,83.00%,83.00%,83.00%,82.79%,79.00%,,,,,,,,,,,,,
03:30.6,3,500,553,2000,2500,83.00%,39.23%,83.00%,83.00%,83.00%,82.71%,80.33%,,,,,,,,,,,,,
08:22.2,4,500,553,2000,2500,80.00%,36.34%,80.00%,80.00%,80.00%,78.98%,80.25%,,,,,,,,,,,,,
13:12.2,5,500,553,2000,2500,80.00%,52.56%,80.00%,80.00%,80.00%,79.93%,80.20%,,,,,,,,,,,,,
18:08.3,1,500,554,2500,3000,81.00%,49.25%,81.00%,81.00%,81.00%,80.12%,81.00%,,,,,,,,,,,,,
23:01.1,2,500,554,2500,3000,72.00%,76.98%,72.00%,72.00%,72.00%,70.29%,76.50%,,,,,,,,,,,,,
27:51.3,3,500,554,2500,3000,87.00%,28.51%,87.00%,87.00%,87.00%,86.99%,80.00%,,,,,,,,,,,,,
32:42.2,4,500,554,2500,3000,81.00%,37.38%,81.00%,81.00%,81.00%,80.77%,80.25%,,,,,,,,,,,,,
37:33.5,5,500,554,2500,3000,87.00%,32.50%,87.00%,87.00%,87.00%,86.99%,81.60%,,,,,,,,,,,,,
42:17.7,1,500,532,3000,3500,81.00%,74.41%,81.00%,81.00%,81.00%,80.95%,81.00%,,,,,,,,,,,,,
46:58.5,2,500,532,3000,3500,88.00%,32.71%,88.00%,88.00%,88.00%,88.00%,84.50%,,,,,,,,,,,,,
51:40.4,3,500,532,3000,3500,88.00%,31.10%,88.00%,88.00%,88.00%,87.88%,85.67%,,,,,,,,,,,,,
56:23.4,4,500,532,3000,3500,89.00%,29.52%,89.00%,89.00%,89.00%,88.97%,86.50%,,,,,,,,,,,,,
01:06.2,5,500,532,3000,3500,78.00%,51.95%,78.00%,78.00%,78.00%,77.92%,84.80%,,,,,,,,,,,,,
05:58.9,1,500,545,3500,4000,73.00%,70.15%,73.00%,73.00%,73.00%,71.49%,73.00%,,,,,,,,,,,,,
10:45.5,2,500,545,3500,4000,91.00%,26.48%,91.00%,91.00%,91.00%,91.00%,82.00%,,,,,,,,,,,,,
15:32.4,3,500,545,3500,4000,90.00%,26.83%,90.00%,90.00%,90.00%,89.96%,84.67%,,,,,,,,,,,,,
20:19.3,4,500,545,3500,4000,89.00%,29.70%,89.00%,89.00%,89.00%,88.97%,85.75%,,,,,,,,,,,,,
25:07.7,5,500,545,3500,4000,92.00%,23.91%,92.00%,92.00%,92.00%,92.00%,87.00%,,,,,,,,,,,,,
29:52.0,1,500,528,4000,4500,74.00%,53.86%,74.00%,74.00%,74.00%,73.62%,74.00%,,,,,,,,,,,,,
34:31.8,2,500,528,4000,4500,89.00%,29.81%,89.00%,89.00%,89.00%,88.87%,81.50%,,,,,,,,,,,,,
39:12.5,3,500,528,4000,4500,87.00%,32.69%,87.00%,87.00%,87.00%,86.97%,83.33%,,,,,,,,,,,,,
43:50.8,4,500,528,4000,4500,85.00%,39.34%,85.00%,85.00%,85.00%,84.16%,83.75%,,,,,,,,,,,,,
48:29.2,5,500,528,4000,4500,88.00%,34.32%,88.00%,88.00%,88.00%,87.92%,84.60%,,,,,,,,,,,,,
53:19.2,1,500,545,4500,5000,85.00%,35.42%,85.00%,85.00%,85.00%,84.65%,85.00%,,,,,,,,,,,,,
58:05.1,2,500,545,4500,5000,91.00%,29.84%,91.00%,91.00%,91.00%,90.89%,88.00%,,,,,,,,,,,,,
02:50.8,3,500,545,4500,5000,82.00%,36.40%,82.00%,82.00%,82.00%,80.69%,86.00%,,,,,,,,,,,,,
07:38.1,4,500,545,4500,5000,82.00%,46.24%,82.00%,82.00%,82.00%,81.25%,85.00%,,,,,,,,,,,,,
12:24.0,5,500,545,4500,5000,87.00%,37.36%,87.00%,87.00%,87.00%,86.94%,85.40%,,,,,,,,,,,,,
17:14.1,1,500,543,5000,5500,83.00%,41.08%,83.00%,83.00%,83.00%,82.98%,83.00%,,,,,,,,,,,,,
22:00.9,2,500,543,5000,5500,85.00%,41.67%,85.00%,85.00%,85.00%,84.88%,84.00%,,,,,,,,,,,,,
26:47.0,3,500,543,5000,5500,88.00%,40.81%,88.00%,88.00%,88.00%,87.92%,85.33%,,,,,,,,,,,,,
31:31.3,4,500,543,5000,5500,71.00%,73.90%,71.00%,71.00%,71.00%,69.66%,81.75%,,,,,,,,,,,,,
36:18.1,5,500,543,5000,5500,82.00%,46.01%,82.00%,82.00%,82.00%,81.93%,81.80%,,,,,,,,,,,,,
41:00.8,1,500,524,5500,6000,73.00%,63.87%,73.00%,73.00%,73.00%,70.88%,73.00%,,,,,,,,,,,,,
45:40.2,2,500,524,5500,6000,85.00%,40.19%,85.00%,85.00%,85.00%,85.00%,79.00%,,,,,,,,,,,,,
50:17.9,3,500,524,5500,6000,87.00%,31.72%,87.00%,87.00%,87.00%,87.00%,81.67%,,,,,,,,,,,,,
54:56.6,4,500,524,5500,6000,79.00%,44.82%,79.00%,79.00%,79.00%,78.74%,81.00%,,,,,,,,,,,,,
59:35.7,5,500,524,5500,6000,81.00%,43.29%,81.00%,81.00%,81.00%,80.91%,81.00%,,,,,,,,,,,,,
04:23.1,1,500,533,6000,6500,92.00%,25.69%,92.00%,92.00%,92.00%,91.92%,92.00%,,,,,,,,,,,,,
09:03.1,2,500,533,6000,6500,85.00%,39.45%,85.00%,85.00%,85.00%,84.99%,88.50%,,,,,,,,,,,,,
13:46.2,3,500,533,6000,6500,92.00%,26.63%,92.00%,92.00%,92.00%,91.97%,89.67%,,,,,,,,,,,,,
18:26.8,4,500,533,6000,6500,93.00%,20.26%,93.00%,93.00%,93.00%,92.97%,90.50%,,,,,,,,,,,,,
23:07.5,5,500,533,6000,6500,65.00%,67.02%,65.00%,65.00%,65.00%,63.39%,85.40%,,,,,,,,,,,,,
27:57.9,1,500,541,6500,7000,89.00%,22.87%,89.00%,89.00%,89.00%,88.81%,89.00%,,,,,,,,,,,,,
32:43.0,2,500,541,6500,7000,86.00%,35.17%,86.00%,86.00%,86.00%,85.42%,87.50%,,,,,,,,,,,,,
37:41.4,3,500,541,6500,7000,85.00%,32.71%,85.00%,85.00%,85.00%,84.74%,86.67%,,,,,,,,,,,,,
43:38.8,4,500,541,6500,7000,78.00%,49.71%,78.00%,78.00%,78.00%,74.29%,84.50%,,,,,,,,,,,,,
48:24.2,5,500,541,6500,7000,69.00%,66.79%,69.00%,69.00%,69.00%,60.21%,81.40%,,,,,,,,,,,,,
53:13.3,1,500,530,7000,7500,76.00%,49.05%,76.00%,76.00%,76.00%,75.99%,76.00%,,,,,,,,,,,,,
57:53.2,2,500,530,7000,7500,78.00%,66.23%,78.00%,78.00%,78.00%,77.68%,77.00%,,,,,,,,,,,,,
02:34.9,3,500,530,7000,7500,70.00%,75.55%,70.00%,70.00%,70.00%,67.82%,74.67%,,,,,,,,,,,,,
15:50.0,4,500,530,7000,7500,78.00%,49.50%,78.00%,78.00%,78.00%,77.68%,75.50%,,,,,,,,,,,,,
20:31.8,5,500,530,7000,7500,85.00%,36.82%,85.00%,85.00%,85.00%,85.00%,77.40%,,,,,,,,,,,,,
32:08.2,1,500,547,7500,8000,91.00%,26.96%,91.00%,91.00%,91.00%,90.93%,91.00%,,,,,,,,,,,,,
36:56.8,2,500,547,7500,8000,87.00%,36.47%,87.00%,87.00%,87.00%,86.70%,89.00%,,,,,,,,,,,,,
41:45.7,3,500,547,7500,8000,84.00%,49.00%,84.00%,84.00%,84.00%,83.33%,87.33%,,,,,,,,,,,,,
46:34.7,4,500,547,7500,8000,88.00%,33.06%,88.00%,88.00%,88.00%,87.76%,87.50%,,,,,,,,,,,,,
51:23.1,5,500,547,7500,8000,81.00%,48.95%,81.00%,81.00%,81.00%,80.29%,86.20%,,,,,,,,,,,,,
03:04.3,1,500,546,8000,8500,81.00%,39.25%,81.00%,81.00%,81.00%,80.91%,81.00%,,,,,,,,,,,,,
07:50.8,2,500,546,8000,8500,86.00%,28.23%,86.00%,86.00%,86.00%,85.80%,83.50%,,,,,,,,,,,,,
12:37.4,3,500,546,8000,8500,83.00%,42.49%,83.00%,83.00%,83.00%,82.22%,83.33%,,,,,,,,,,,,,
17:24.0,4,500,546,8000,8500,82.00%,45.02%,82.00%,82.00%,82.00%,80.69%,83.00%,,,,,,,,,,,,,
22:18.5,5,500,546,8000,8500,86.00%,31.60%,86.00%,86.00%,86.00%,86.00%,83.60%,,,,,,,,,,,,,
32:13.4,1,500,542,8500,9000,83.00%,35.68%,83.00%,83.00%,83.00%,83.00%,83.00%,,,,,,,,,,,,,
36:57.7,2,500,542,8500,9000,66.00%,95.24%,66.00%,66.00%,66.00%,63.11%,74.50%,,,,,,,,,,,,,
41:41.5,3,500,542,8500,9000,86.00%,35.64%,86.00%,86.00%,86.00%,85.95%,78.33%,,,,,,,,,,,,,
46:24.4,4,500,542,8500,9000,81.00%,43.00%,81.00%,81.00%,81.00%,79.73%,79.00%,,,,,,,,,,,,,
51:10.8,5,500,542,8500,9000,73.00%,86.05%,73.00%,73.00%,73.00%,71.75%,77.80%,,,,,,,,,,,,,
56:00.9,1,500,539,9000,9500,76.00%,49.02%,76.00%,76.00%,76.00%,73.96%,76.00%,,,,,,,,,,,,,
00:45.3,2,500,539,9000,9500,83.00%,42.56%,83.00%,83.00%,83.00%,83.00%,79.50%,,,,,,,,,,,,,
05:33.3,3,500,539,9000,9500,82.00%,39.51%,82.00%,82.00%,82.00%,81.88%,80.33%,,,,,,,,,,,,,
10:18.1,4,500,539,9000,9500,77.00%,46.22%,77.00%,77.00%,77.00%,76.98%,79.50%,,,,,,,,,,,,,
15:04.8,5,500,539,9000,9500,82.00%,38.28%,82.00%,82.00%,82.00%,81.64%,80.00%,,,,,,,,,,,,,
19:56.8,1,500,543,9500,10000,88.00%,38.37%,88.00%,88.00%,88.00%,87.82%,88.00%,,,,,,,,,,,,,
24:40.1,2,500,543,9500,10000,86.00%,32.39%,86.00%,86.00%,86.00%,85.99%,87.00%,,,,,,,,,,,,,
29:26.2,3,500,543,9500,10000,86.00%,33.60%,86.00%,86.00%,86.00%,85.99%,86.67%,,,,,,,,,,,,,
34:13.2,4,500,543,9500,10000,86.00%,32.79%,86.00%,86.00%,86.00%,85.63%,86.50%,,,,,,,,,,,,,
39:00.3,5,500,543,9500,10000,88.00%,22.93%,88.00%,88.00%,88.00%,87.88%,86.80%,,,,,,,,,,,,,
43:49.8,1,500,539,10000,10500,89.00%,32.08%,89.00%,89.00%,89.00%,89.00%,89.00%,,,,,,,,,,,,,
48:36.1,2,500,539,10000,10500,66.00%,77.76%,66.00%,66.00%,66.00%,63.11%,77.50%,,,,,,,,,,,,,
53:21.8,3,500,539,10000,10500,86.00%,42.98%,86.00%,86.00%,86.00%,85.98%,80.33%,,,,,,,,,,,,,
58:05.4,4,500,539,10000,10500,83.00%,42.24%,83.00%,83.00%,83.00%,82.92%,81.00%,,,,,,,,,,,,,
02:50.3,5,500,539,10000,10500,85.00%,36.71%,85.00%,85.00%,85.00%,84.99%,81.80%,,,,,,,,,,,,,
07:40.2,1,500,541,10500,11000,89.00%,23.26%,89.00%,89.00%,89.00%,89.00%,89.00%,,,,,,,,,,,,,
12:25.6,2,500,541,10500,11000,90.00%,25.34%,90.00%,90.00%,90.00%,89.94%,89.50%,,,,,,,,,,,,,
17:11.0,3,500,541,10500,11000,89.00%,30.82%,89.00%,89.00%,89.00%,88.99%,89.33%,,,,,,,,,,,,,
21:56.2,4,500,541,10500,11000,89.00%,35.88%,89.00%,89.00%,89.00%,89.00%,89.25%,,,,,,,,,,,,,
26:42.0,5,500,541,10500,11000,91.00%,25.41%,91.00%,91.00%,91.00%,90.89%,89.60%,,,,,,,,,,,,,
31:30.8,1,500,536,11000,11500,93.00%,22.53%,93.00%,93.00%,93.00%,92.84%,93.00%,,,,,,,,,,,,,
36:13.9,2,500,536,11000,11500,85.00%,40.98%,85.00%,85.00%,85.00%,83.82%,89.00%,,,,,,,,,,,,,
40:57.2,3,500,536,11000,11500,89.00%,28.55%,89.00%,89.00%,89.00%,88.75%,89.00%,,,,,,,,,,,,,
45:40.8,4,500,536,11000,11500,77.00%,53.54%,77.00%,77.00%,77.00%,76.81%,86.00%,,,,,,,,,,,,,
50:24.3,5,500,536,11000,11500,80.00%,39.19%,80.00%,80.00%,80.00%,77.72%,84.80%,,,,,,,,,,,,,
55:18.6,1,500,553,11500,12000,85.00%,35.61%,85.00%,85.00%,85.00%,84.65%,85.00%,,,,,,,,,,,,,
00:08.0,2,500,553,11500,12000,88.00%,29.95%,88.00%,88.00%,88.00%,88.00%,86.50%,,,,,,,,,,,,,
04:58.7,3,500,553,11500,12000,81.00%,39.71%,81.00%,81.00%,81.00%,79.73%,84.67%,,,,,,,,,,,,,
09:49.1,4,500,553,11500,12000,88.00%,27.47%,88.00%,88.00%,88.00%,88.00%,85.50%,,,,,,,,,,,,,
14:41.0,5,500,553,11500,12000,89.00%,22.88%,89.00%,89.00%,89.00%,88.91%,86.20%,,,,,,,,,,,,,
19:36.6,1,500,556,12000,12500,81.00%,42.65%,81.00%,81.00%,81.00%,80.29%,81.00%,,,,,,,,,,,,,
24:27.6,2,500,556,12000,12500,90.00%,32.89%,90.00%,90.00%,90.00%,89.98%,85.50%,,,,,,,,,,,,,
29:19.8,3,500,556,12000,12500,83.00%,53.66%,83.00%,83.00%,83.00%,82.86%,84.67%,,,,,,,,,,,,,
34:10.8,4,500,556,12000,12500,88.00%,33.66%,88.00%,88.00%,88.00%,87.98%,85.50%,,,,,,,,,,,,,
39:02.2,5,500,556,12000,12500,87.00%,33.01%,87.00%,87.00%,87.00%,86.89%,85.80%,,,,,,,,,,,,,
43:53.0,1,500,546,12500,13000,87.00%,27.41%,87.00%,87.00%,87.00%,86.61%,87.00%,,,,,,,,,,,,,
48:39.6,2,500,546,12500,13000,85.00%,33.81%,85.00%,85.00%,85.00%,84.31%,86.00%,,,,,,,,,,,,,
53:25.4,3,500,546,12500,13000,83.00%,35.06%,83.00%,83.00%,83.00%,82.79%,85.00%,,,,,,,,,,,,,
58:11.7,4,500,546,12500,13000,88.00%,29.83%,88.00%,88.00%,88.00%,87.50%,85.75%,,,,,,,,,,,,,
02:58.1,5,500,546,12500,13000,87.00%,32.20%,87.00%,87.00%,87.00%,86.27%,86.00%,,,,,,,,,,,,,
07:47.7,1,500,542,13000,13500,85.00%,38.54%,85.00%,85.00%,85.00%,84.65%,85.00%,,,,,,,,,,,,,
12:32.9,2,500,542,13000,13500,84.00%,38.18%,84.00%,84.00%,84.00%,84.00%,84.50%,,,,,,,,,,,,,
17:18.4,3,500,542,13000,13500,85.00%,31.05%,85.00%,85.00%,85.00%,85.00%,84.67%,,,,,,,,,,,,,
22:03.4,4,500,542,13000,13500,81.00%,43.13%,81.00%,81.00%,81.00%,80.98%,83.75%,,,,,,,,,,,,,
26:49.0,5,500,542,13000,13500,87.00%,29.70%,87.00%,87.00%,87.00%,86.94%,84.40%,,,,,,,,,,,,,
31:37.4,1,500,539,13500,14000,83.00%,43.43%,83.00%,83.00%,83.00%,82.96%,83.00%,,,,,,,,,,,,,
36:21.4,2,500,539,13500,14000,75.00%,49.27%,75.00%,75.00%,75.00%,74.69%,79.00%,,,,,,,,,,,,,
41:05.7,3,500,539,13500,14000,85.00%,38.72%,85.00%,85.00%,85.00%,84.96%,81.00%,,,,,,,,,,,,,
45:49.9,4,500,539,13500,14000,78.00%,44.52%,78.00%,78.00%,78.00%,77.68%,80.25%,,,,,,,,,,,,,
50:34.1,5,500,539,13500,14000,81.00%,51.83%,81.00%,81.00%,81.00%,80.95%,80.40%,,,,,,,,,,,,,
55:19.7,1,500,530,14000,14500,86.00%,42.89%,86.00%,86.00%,86.00%,85.53%,86.00%,,,,,,,,,,,,,
00:00.6,2,500,530,14000,14500,84.00%,34.79%,84.00%,84.00%,84.00%,83.58%,85.00%,,,,,,,,,,,,,
04:41.9,3,500,530,14000,14500,85.00%,47.20%,85.00%,85.00%,85.00%,83.17%,85.00%,,,,,,,,,,,,,
09:22.9,4,500,530,14000,14500,73.00%,86.91%,73.00%,73.00%,73.00%,72.98%,82.00%,,,,,,,,,,,,,
14:03.7,5,500,530,14000,14500,84.00%,39.19%,84.00%,84.00%,84.00%,83.58%,82.40%,,,,,,,,,,,,,
18:46.6,1,500,525,14500,15000,82.00%,40.42%,82.00%,82.00%,82.00%,80.69%,82.00%,,,,,,,,,,,,,
23:25.9,2,500,525,14500,15000,80.00%,51.73%,80.00%,80.00%,80.00%,79.33%,81.00%,,,,,,,,,,,,,
28:04.6,3,500,525,14500,15000,79.00%,57.94%,79.00%,79.00%,79.00%,78.90%,80.33%,,,,,,,,,,,,,
32:43.7,4,500,525,14500,15000,88.00%,32.82%,88.00%,88.00%,88.00%,87.82%,82.25%,,,,,,,,,,,,,
37:24.0,5,500,525,14500,15000,87.00%,35.34%,87.00%,87.00%,87.00%,86.13%,83.20%,,,,,,,,,,,,,
42:14.0,1,500,545,15000,15500,87.00%,34.36%,87.00%,87.00%,87.00%,86.84%,87.00%,,,,,,,,,,,,,
47:01.5,2,500,545,15000,15500,77.00%,50.74%,77.00%,77.00%,77.00%,75.94%,82.00%,,,,,,,,,,,,,
51:48.3,3,500,545,15000,15500,91.00%,26.52%,91.00%,91.00%,91.00%,90.98%,85.00%,,,,,,,,,,,,,
56:35.8,4,500,545,15000,15500,50.00%,70.93%,50.00%,50.00%,50.00%,33.33%,76.25%,,,,,,,,,,,,,
01:22.0,5,500,545,15000,15500,87.00%,32.14%,87.00%,87.00%,87.00%,87.00%,78.40%,,,,,,,,,,,,,
06:14.4,1,500,547,15500,16000,83.00%,45.73%,83.00%,83.00%,83.00%,82.96%,83.00%,,,,,,,,,,,,,
11:01.8,2,500,547,15500,16000,83.00%,39.33%,83.00%,83.00%,83.00%,82.79%,83.00%,,,,,,,,,,,,,
15:50.2,3,500,547,15500,16000,82.00%,49.12%,82.00%,82.00%,82.00%,81.40%,82.67%,,,,,,,,,,,,,
20:38.3,4,500,547,15500,16000,88.00%,37.70%,88.00%,88.00%,88.00%,87.96%,84.00%,,,,,,,,,,,,,
25:27.6,5,500,547,15500,16000,86.00%,44.26%,86.00%,86.00%,86.00%,85.86%,84.40%,,,,,,,,,,,,,
30:16.6,1,500,541,16000,16500,89.00%,32.92%,89.00%,89.00%,89.00%,88.95%,89.00%,,,,,,,,,,,,,
35:02.2,2,500,541,16000,16500,79.00%,53.66%,79.00%,79.00%,79.00%,78.64%,84.00%,,,,,,,,,,,,,
39:48.8,3,500,541,16000,16500,87.00%,37.45%,87.00%,87.00%,87.00%,86.97%,85.00%,,,,,,,,,,,,,
44:35.4,4,500,541,16000,16500,82.00%,35.09%,82.00%,82.00%,82.00%,81.82%,84.25%,,,,,,,,,,,,,
49:20.9,5,500,541,16000,16500,78.00%,43.33%,78.00%,78.00%,78.00%,77.68%,83.00%,,,,,,,,,,,,,
54:05.3,1,500,525,16500,17000,84.00%,42.28%,84.00%,84.00%,84.00%,83.90%,84.00%,,,,,,,,,,,,,
58:44.6,2,500,525,16500,17000,83.00%,42.73%,83.00%,83.00%,83.00%,82.96%,83.50%,,,,,,,,,,,,,
03:25.3,3,500,525,16500,17000,80.00%,40.36%,80.00%,80.00%,80.00%,79.87%,82.33%,,,,,,,,,,,,,
08:03.3,4,500,525,16500,17000,84.00%,40.09%,84.00%,84.00%,84.00%,83.94%,82.75%,,,,,,,,,,,,,
12:43.5,5,500,525,16500,17000,80.00%,63.34%,80.00%,80.00%,80.00%,79.17%,82.20%,,,,,,,,,,,,,
17:27.8,1,500,526,17000,17500,88.00%,30.96%,88.00%,88.00%,88.00%,87.96%,88.00%,,,,,,,,,,,,,
22:07.0,2,500,526,17000,17500,83.00%,37.43%,83.00%,83.00%,83.00%,82.49%,85.50%,,,,,,,,,,,,,
26:46.9,3,500,526,17000,17500,86.00%,35.29%,86.00%,86.00%,86.00%,85.80%,85.67%,,,,,,,,,,,,,
31:26.8,4,500,526,17000,17500,82.00%,41.32%,82.00%,82.00%,82.00%,81.40%,84.75%,,,,,,,,,,,,,
36:06.0,5,500,526,17000,17500,77.00%,48.72%,77.00%,77.00%,77.00%,75.72%,83.20%,,,,,,,,,,,,,
40:54.2,1,500,537,17500,18000,79.00%,45.48%,79.00%,79.00%,79.00%,78.38%,79.00%,,,,,,,,,,,,,
45:38.5,2,500,537,17500,18000,75.00%,56.77%,75.00%,75.00%,75.00%,73.85%,77.00%,,,,,,,,,,,,,
50:22.5,3,500,537,17500,18000,85.00%,39.56%,85.00%,85.00%,85.00%,84.93%,79.67%,,,,,,,,,,,,,
55:07.1,4,500,537,17500,18000,84.00%,36.77%,84.00%,84.00%,84.00%,83.84%,80.75%,,,,,,,,,,,,,
59:51.7,5,500,537,17500,18000,86.00%,30.29%,86.00%,86.00%,86.00%,86.00%,81.80%,,,,,,,,,,,,,
04:38.0,1,500,534,18000,18500,75.00%,52.44%,75.00%,75.00%,75.00%,74.80%,75.00%,,,,,,,,,,,,,
09:20.3,2,500,534,18000,18500,75.00%,59.76%,75.00%,75.00%,75.00%,74.69%,75.00%,,,,,,,,,,,,,
14:02.6,3,500,534,18000,18500,68.00%,68.24%,68.00%,68.00%,68.00%,66.67%,72.67%,,,,,,,,,,,,,
18:44.8,4,500,534,18000,18500,80.00%,43.42%,80.00%,80.00%,80.00%,79.99%,74.50%,,,,,,,,,,,,,
23:26.5,5,500,534,18000,18500,81.00%,45.77%,81.00%,81.00%,81.00%,80.98%,75.80%,,,,,,,,,,,,,
28:17.0,1,500,543,18500,19000,86.00%,49.50%,86.00%,86.00%,86.00%,85.95%,86.00%,,,,,,,,,,,,,
33:03.0,2,500,543,18500,19000,85.00%,36.43%,85.00%,85.00%,85.00%,84.82%,85.50%,,,,,,,,,,,,,
37:49.0,3,500,543,18500,19000,90.00%,28.18%,90.00%,90.00%,90.00%,90.00%,87.00%,,,,,,,,,,,,,
42:36.4,4,500,543,18500,19000,82.00%,44.64%,82.00%,82.00%,82.00%,81.88%,85.75%,,,,,,,,,,,,,
47:22.8,5,500,543,18500,19000,92.00%,25.90%,92.00%,92.00%,92.00%,92.00%,87.00%,,,,,,,,,,,,,
52:15.3,1,500,547,19000,19500,86.00%,34.51%,86.00%,86.00%,86.00%,85.98%,86.00%,,,,,,,,,,,,,
57:03.8,2,500,547,19000,19500,83.00%,45.46%,83.00%,83.00%,83.00%,82.36%,84.50%,,,,,,,,,,,,,
01:52.3,3,500,547,19000,19500,84.00%,38.10%,84.00%,84.00%,84.00%,83.94%,84.33%,,,,,,,,,,,,,
06:41.5,4,500,547,19000,19500,84.00%,35.36%,84.00%,84.00%,84.00%,83.77%,84.25%,,,,,,,,,,,,,
11:29.3,5,500,547,19000,19500,89.00%,33.58%,89.00%,89.00%,89.00%,89.00%,85.20%,,,,,,,,,,,,,
16:17.4,1,500,540,19500,20000,83.00%,41.70%,83.00%,83.00%,83.00%,82.49%,83.00%,,,,,,,,,,,,,
21:02.9,2,500,540,19500,20000,84.00%,38.70%,84.00%,84.00%,84.00%,83.68%,83.50%,,,,,,,,,,,,,
25:47.6,3,500,540,19500,20000,81.00%,60.02%,81.00%,81.00%,81.00%,79.51%,82.67%,,,,,,,,,,,,,
30:33.5,4,500,540,19500,20000,86.00%,33.60%,86.00%,86.00%,86.00%,85.86%,83.50%,,,,,,,,,,,,,
35:17.7,5,500,540,19500,20000,88.00%,38.07%,88.00%,88.00%,88.00%,87.92%,84.40%,,,,,,,,,,,,,
40:13.5,1,500,557,20000,20500,79.00%,60.13%,79.00%,79.00%,79.00%,79.00%,79.00%,,,,,,,,,,,,,
45:05.5,2,500,557,20000,20500,85.00%,41.33%,85.00%,85.00%,85.00%,84.31%,82.00%,,,,,,,,,,,,,
49:57.2,3,500,557,20000,20500,83.00%,39.15%,83.00%,83.00%,83.00%,81.87%,82.33%,,,,,,,,,,,,,
54:49.7,4,500,557,20000,20500,84.00%,37.27%,84.00%,84.00%,84.00%,83.46%,82.75%,,,,,,,,,,,,,
59:40.9,5,500,557,20000,20500,86.00%,39.53%,86.00%,86.00%,86.00%,85.29%,83.40%,,,,,,,,,,,,,
04:31.3,1,500,543,20500,21000,88.00%,39.89%,88.00%,88.00%,88.00%,87.96%,88.00%,,,,,,,,,,,,,
09:17.9,2,500,543,20500,21000,84.00%,37.97%,84.00%,84.00%,84.00%,83.84%,86.00%,,,,,,,,,,,,,
14:03.2,3,500,543,20500,21000,85.00%,34.41%,85.00%,85.00%,85.00%,84.74%,85.67%,,,,,,,,,,,,,
18:49.9,4,500,543,20500,21000,84.00%,36.36%,84.00%,84.00%,84.00%,83.94%,85.25%,,,,,,,,,,,,,
23:36.6,5,500,543,20500,21000,72.00%,83.50%,72.00%,72.00%,72.00%,71.06%,82.60%,,,,,,,,,,,,,
28:18.9,1,500,522,21000,21500,83.00%,48.80%,83.00%,83.00%,83.00%,82.05%,83.00%,,,,,,,,,,,,,
32:54.8,2,500,522,21000,21500,86.00%,32.88%,86.00%,86.00%,86.00%,85.72%,84.50%,,,,,,,,,,,,,
37:32.0,3,500,522,21000,21500,85.00%,35.90%,85.00%,85.00%,85.00%,84.44%,84.67%,,,,,,,,,,,,,
42:09.2,4,500,522,21000,21500,86.00%,30.41%,86.00%,86.00%,86.00%,85.95%,85.00%,,,,,,,,,,,,,
46:47.1,5,500,522,21000,21500,82.00%,37.95%,82.00%,82.00%,82.00%,81.82%,84.40%,,,,,,,,,,,,,
51:37.5,1,500,542,21500,22000,80.00%,38.36%,80.00%,80.00%,80.00%,78.55%,80.00%,,,,,,,,,,,,,
56:24.1,2,500,542,21500,22000,85.00%,39.85%,85.00%,85.00%,85.00%,84.00%,82.50%,,,,,,,,,,,,,
01:11.0,3,500,542,21500,22000,83.00%,39.57%,83.00%,83.00%,83.00%,82.22%,82.67%,,,,,,,,,,,,,
05:58.6,4,500,542,21500,22000,69.00%,66.40%,69.00%,69.00%,69.00%,61.13%,79.25%,,,,,,,,,,,,,
10:45.1,5,500,542,21500,22000,76.00%,46.57%,76.00%,76.00%,76.00%,72.86%,78.60%,,,,,,,,,,,,,
15:33.1,1,500,539,22000,22500,70.00%,58.40%,70.00%,70.00%,70.00%,67.03%,70.00%,,,,,,,,,,,,,
20:17.6,2,500,539,22000,22500,85.00%,39.06%,85.00%,85.00%,85.00%,84.82%,77.50%,,,,,,,,,,,,,
25:02.0,3,500,539,22000,22500,85.00%,41.33%,85.00%,85.00%,85.00%,84.96%,80.00%,,,,,,,,,,,,,
29:46.8,4,500,539,22000,22500,91.00%,24.61%,91.00%,91.00%,91.00%,90.98%,82.75%,,,,,,,,,,,,,
34:30.7,5,500,539,22000,22500,86.00%,34.53%,86.00%,86.00%,86.00%,85.91%,83.40%,,,,,,,,,,,,,
39:20.8,1,500,541,22500,23000,81.00%,37.40%,81.00%,81.00%,81.00%,80.98%,81.00%,,,,,,,,,,,,,
44:06.9,2,500,541,22500,23000,86.00%,36.10%,86.00%,86.00%,86.00%,85.72%,83.50%,,,,,,,,,,,,,
48:52.0,3,500,541,22500,23000,82.00%,35.07%,82.00%,82.00%,82.00%,81.53%,83.00%,,,,,,,,,,,,,
53:38.5,4,500,541,22500,23000,78.00%,46.93%,78.00%,78.00%,78.00%,77.26%,81.75%,,,,,,,,,,,,,
58:24.2,5,500,541,22500,23000,87.00%,29.01%,87.00%,87.00%,87.00%,86.84%,82.80%,,,,,,,,,,,,,
03:12.8,1,500,536,23000,23500,81.00%,49.74%,81.00%,81.00%,81.00%,80.77%,81.00%,,,,,,,,,,,,,
07:56.9,2,500,536,23000,23500,87.00%,39.67%,87.00%,87.00%,87.00%,86.99%,84.00%,,,,,,,,,,,,,
12:40.2,3,500,536,23000,23500,90.00%,31.60%,90.00%,90.00%,90.00%,89.80%,86.00%,,,,,,,,,,,,,
17:24.6,4,500,536,23000,23500,85.00%,36.64%,85.00%,85.00%,85.00%,85.00%,85.75%,,,,,,,,,,,,,
22:08.9,5,500,536,23000,23500,84.00%,41.43%,84.00%,84.00%,84.00%,83.94%,85.40%,,,,,,,,,,,,,
27:02.6,1,500,551,23500,24000,88.00%,41.12%,88.00%,88.00%,88.00%,87.88%,88.00%,,,,,,,,,,,,,
31:52.3,2,500,551,23500,24000,86.00%,37.67%,86.00%,86.00%,86.00%,86.00%,87.00%,,,,,,,,,,,,,
36:43.0,3,500,551,23500,24000,86.00%,46.03%,86.00%,86.00%,86.00%,85.86%,86.67%,,,,,,,,,,,,,
41:32.9,4,500,551,23500,24000,83.00%,49.32%,83.00%,83.00%,83.00%,82.86%,85.75%,,,,,,,,,,,,,
46:22.6,5,500,551,23500,24000,84.00%,38.26%,84.00%,84.00%,84.00%,83.84%,85.40%,,,,,,,,,,,,,
51:13.1,1,500,546,24000,24500,87.00%,34.01%,87.00%,87.00%,87.00%,86.84%,87.00%,,,,,,,,,,,,,
55:59.8,2,500,546,24000,24500,76.00%,52.87%,76.00%,76.00%,76.00%,73.96%,81.50%,,,,,,,,,,,,,
00:47.0,3,500,546,24000,24500,83.00%,39.59%,83.00%,83.00%,83.00%,82.36%,82.00%,,,,,,,,,,,,,
05:32.9,4,500,546,24000,24500,84.00%,45.97%,84.00%,84.00%,84.00%,83.99%,82.50%,,,,,,,,,,,,,
10:19.1,5,500,546,24000,24500,81.00%,51.59%,81.00%,81.00%,81.00%,80.77%,82.20%,,,,,,,,,,,,,
15:12.8,1,500,551,24500,25000,82.00%,47.20%,82.00%,82.00%,82.00%,81.74%,82.00%,,,,,,,,,,,,,
20:02.8,2,500,551,24500,25000,91.00%,29.69%,91.00%,91.00%,91.00%,90.96%,86.50%,,,,,,,,,,,,,
24:52.0,3,500,551,24500,25000,76.00%,67.41%,76.00%,76.00%,76.00%,74.26%,83.00%,,,,,,,,,,,,,
29:41.9,4,500,551,24500,25000,72.00%,68.52%,72.00%,72.00%,72.00%,70.58%,80.25%,,,,,,,,,,,,,
34:31.7,5,500,551,24500,25000,83.00%,33.20%,83.00%,83.00%,83.00%,83.00%,80.80%,,,,,,,,,,,,,
39:25.6,1,500,549,25000,25500,86.00%,39.87%,86.00%,86.00%,86.00%,85.95%,86.00%,,,,,,,,,,,,,
44:14.4,2,500,549,25000,25500,95.00%,17.03%,95.00%,95.00%,95.00%,94.96%,90.50%,,,,,,,,,,,,,
49:02.8,3,500,549,25000,25500,92.00%,28.24%,92.00%,92.00%,92.00%,91.95%,91.00%,,,,,,,,,,,,,
53:52.5,4,500,549,25000,25500,85.00%,38.96%,85.00%,85.00%,85.00%,84.44%,89.50%,,,,,,,,,,,,,
58:40.8,5,500,549,25000,25500,87.00%,26.24%,87.00%,87.00%,87.00%,86.99%,89.00%,,,,,,,,,,,,,
03:29.3,1,500,540,25500,26000,89.00%,29.99%,89.00%,89.00%,89.00%,88.97%,89.00%,,,,,,,,,,,,,
08:14.0,2,500,540,25500,26000,88.00%,30.79%,88.00%,88.00%,88.00%,87.76%,88.50%,,,,,,,,,,,,,
12:58.1,3,500,540,25500,26000,87.00%,29.02%,87.00%,87.00%,87.00%,86.97%,88.00%,,,,,,,,,,,,,
17:42.1,4,500,540,25500,26000,64.00%,76.36%,64.00%,64.00%,64.00%,59.29%,82.00%,,,,,,,,,,,,,
22:26.5,5,500,540,25500,26000,86.00%,30.37%,86.00%,86.00%,86.00%,85.95%,82.80%,,,,,,,,,,,,,
27:16.1,1,500,543,26000,26500,88.00%,34.39%,88.00%,88.00%,88.00%,87.92%,88.00%,,,,,,,,,,,,,
32:02.4,2,500,543,26000,26500,79.00%,51.26%,79.00%,79.00%,79.00%,78.95%,83.50%,,,,,,,,,,,,,
36:49.6,3,500,543,26000,26500,85.00%,45.45%,85.00%,85.00%,85.00%,84.82%,84.00%,,,,,,,,,,,,,
41:35.7,4,500,543,26000,26500,84.00%,57.77%,84.00%,84.00%,84.00%,83.68%,84.00%,,,,,,,,,,,,,
46:21.3,5,500,543,26000,26500,88.00%,40.56%,88.00%,88.00%,88.00%,87.96%,84.80%,,,,,,,,,,,,,
51:13.3,1,500,545,26500,27000,83.00%,39.94%,83.00%,83.00%,83.00%,82.96%,83.00%,,,,,,,,,,,,,
55:59.6,2,500,545,26500,27000,83.00%,47.52%,83.00%,83.00%,83.00%,82.79%,83.00%,,,,,,,,,,,,,
00:49.0,3,500,545,26500,27000,81.00%,45.90%,81.00%,81.00%,81.00%,80.12%,82.33%,,,,,,,,,,,,,
05:35.6,4,500,545,26500,27000,83.00%,47.98%,83.00%,83.00%,83.00%,83.00%,82.50%,,,,,,,,,,,,,
10:22.9,5,500,545,26500,27000,79.00%,46.81%,79.00%,79.00%,79.00%,78.95%,81.80%,,,,,,,,,,,,,
15:11.8,1,500,538,27000,27500,78.00%,53.03%,78.00%,78.00%,78.00%,76.66%,78.00%,,,,,,,,,,,,,
19:55.9,2,500,538,27000,27500,78.00%,52.82%,78.00%,78.00%,78.00%,77.68%,78.00%,,,,,,,,,,,,,
24:39.8,3,500,538,27000,27500,83.00%,39.82%,83.00%,83.00%,83.00%,82.96%,79.67%,,,,,,,,,,,,,
29:25.7,4,500,538,27000,27500,85.00%,47.76%,85.00%,85.00%,85.00%,84.99%,81.00%,,,,,,,,,,,,,
34:09.8,5,500,538,27000,27500,82.00%,52.35%,82.00%,82.00%,82.00%,81.97%,81.20%,,,,,,,,,,,,,
38:58.5,1,500,539,27500,28000,89.00%,26.92%,89.00%,89.00%,89.00%,88.97%,89.00%,,,,,,,,,,,,,
43:43.0,2,500,539,27500,28000,89.00%,23.10%,89.00%,89.00%,89.00%,88.99%,89.00%,,,,,,,,,,,,,
48:28.2,3,500,539,27500,28000,92.00%,23.90%,92.00%,92.00%,92.00%,91.95%,90.00%,,,,,,,,,,,,,
53:12.2,4,500,539,27500,28000,85.00%,31.11%,85.00%,85.00%,85.00%,85.00%,88.75%,,,,,,,,,,,,,
57:57.4,5,500,539,27500,28000,85.00%,35.77%,85.00%,85.00%,85.00%,84.44%,88.00%,,,,,,,,,,,,,
02:45.9,1,500,540,28000,28500,88.00%,31.77%,88.00%,88.00%,88.00%,87.82%,88.00%,,,,,,,,,,,,,
07:29.5,2,500,540,28000,28500,86.00%,35.14%,86.00%,86.00%,86.00%,85.98%,87.00%,,,,,,,,,,,,,
12:13.8,3,500,540,28000,28500,90.00%,35.34%,90.00%,90.00%,90.00%,89.90%,88.00%,,,,,,,,,,,,,
16:58.5,4,500,540,28000,28500,81.00%,46.41%,81.00%,81.00%,81.00%,80.95%,86.25%,,,,,,,,,,,,,
21:42.8,5,500,540,28000,28500,89.00%,36.68%,89.00%,89.00%,89.00%,88.81%,86.80%,,,,,,,,,,,,,
26:30.5,1,500,535,28500,29000,80.00%,47.53%,80.00%,80.00%,80.00%,79.87%,80.00%,,,,,,,,,,,,,
31:14.8,2,500,535,28500,29000,88.00%,37.02%,88.00%,88.00%,88.00%,88.00%,84.00%,,,,,,,,,,,,,
35:58.2,3,500,535,28500,29000,80.00%,49.78%,80.00%,80.00%,80.00%,79.93%,82.67%,,,,,,,,,,,,,
40:41.6,4,500,535,28500,29000,75.00%,63.60%,75.00%,75.00%,75.00%,73.33%,80.75%,,,,,,,,,,,,,
45:24.8,5,500,535,28500,29000,86.00%,39.45%,86.00%,86.00%,86.00%,85.99%,81.80%,,,,,,,,,,,,,
50:12.3,1,500,536,29000,29500,78.00%,47.38%,78.00%,78.00%,78.00%,76.13%,78.00%,,,,,,,,,,,,,
54:56.2,2,500,536,29000,29500,85.00%,41.10%,85.00%,85.00%,85.00%,84.44%,81.50%,,,,,,,,,,,,,
59:39.7,3,500,536,29000,29500,79.00%,43.08%,79.00%,79.00%,79.00%,77.07%,80.67%,,,,,,,,,,,,,
04:24.7,4,500,536,29000,29500,87.00%,45.13%,87.00%,87.00%,87.00%,86.61%,82.25%,,,,,,,,,,,,,
09:08.1,5,500,536,29000,29500,82.00%,46.09%,82.00%,82.00%,82.00%,80.69%,82.20%,,,,,,,,,,,,,
13:58.9,1,500,546,29500,30000,81.00%,40.90%,81.00%,81.00%,81.00%,80.95%,81.00%,,,,,,,,,,,,,
18:46.1,2,500,546,29500,30000,85.00%,54.55%,85.00%,85.00%,85.00%,84.65%,83.00%,,,,,,,,,,,,,
23:33.5,3,500,546,29500,30000,79.00%,50.10%,79.00%,79.00%,79.00%,78.98%,81.67%,,,,,,,,,,,,,
28:19.6,4,500,546,29500,30000,85.00%,37.60%,85.00%,85.00%,85.00%,84.31%,82.50%,,,,,,,,,,,,,
33:06.6,5,500,546,29500,30000,79.00%,59.09%,79.00%,79.00%,79.00%,78.90%,81.80%,,,,,,,,,,,,,
37:57.3,1,500,544,30000,30500,84.00%,30.48%,84.00%,84.00%,84.00%,83.84%,84.00%,,,,,,,,,,,,,
42:44.6,2,500,544,30000,30500,82.00%,42.57%,82.00%,82.00%,82.00%,81.99%,83.00%,,,,,,,,,,,,,
47:31.3,3,500,544,30000,30500,85.00%,33.69%,85.00%,85.00%,85.00%,84.99%,83.67%,,,,,,,,,,,,,
52:18.6,4,500,544,30000,30500,79.00%,50.01%,79.00%,79.00%,79.00%,78.83%,82.50%,,,,,,,,,,,,,
57:06.0,5,500,544,30000,30500,84.00%,34.11%,84.00%,84.00%,84.00%,84.00%,82.80%,,,,,,,,,,,,,
01:59.2,1,500,549,30500,31000,75.00%,51.66%,75.00%,75.00%,75.00%,71.94%,75.00%,,,,,,,,,,,,,
06:49.8,2,500,549,30500,31000,89.00%,32.11%,89.00%,89.00%,89.00%,89.00%,82.00%,,,,,,,,,,,,,
11:39.5,3,500,549,30500,31000,87.00%,44.72%,87.00%,87.00%,87.00%,86.97%,83.67%,,,,,,,,,,,,,
16:27.8,4,500,549,30500,31000,87.00%,28.33%,87.00%,87.00%,87.00%,86.99%,84.50%,,,,,,,,,,,,,
21:17.0,5,500,549,30500,31000,90.00%,28.24%,90.00%,90.00%,90.00%,90.00%,85.60%,,,,,,,,,,,,,
26:13.3,1,500,557,31000,31500,82.00%,42.81%,82.00%,82.00%,82.00%,81.64%,82.00%,,,,,,,,,,,,,
31:05.2,2,500,557,31000,31500,85.00%,40.69%,85.00%,85.00%,85.00%,84.44%,83.50%,,,,,,,,,,,,,
35:57.6,3,500,557,31000,31500,80.00%,53.56%,80.00%,80.00%,80.00%,79.60%,82.33%,,,,,,,,,,,,,
40:49.6,4,500,557,31000,31500,86.00%,39.35%,86.00%,86.00%,86.00%,85.29%,83.25%,,,,,,,,,,,,,
45:42.3,5,500,557,31000,31500,87.00%,38.30%,87.00%,87.00%,87.00%,85.62%,84.00%,,,,,,,,,,,,,
50:30.5,1,500,538,31500,32000,82.00%,44.16%,82.00%,82.00%,82.00%,81.99%,82.00%,,,,,,,,,,,,,
55:14.7,2,500,538,31500,32000,73.00%,53.65%,73.00%,73.00%,73.00%,70.13%,77.50%,,,,,,,,,,,,,
59:59.5,3,500,538,31500,32000,78.00%,49.35%,78.00%,78.00%,78.00%,77.68%,77.67%,,,,,,,,,,,,,
04:44.1,4,500,538,31500,32000,86.00%,41.39%,86.00%,86.00%,86.00%,86.00%,79.75%,,,,,,,,,,,,,
09:28.9,5,500,538,31500,32000,68.00%,74.02%,68.00%,68.00%,68.00%,65.28%,77.40%,,,,,,,,,,,,,
14:18.5,1,500,541,32000,32500,85.00%,36.44%,85.00%,85.00%,85.00%,84.96%,85.00%,,,,,,,,,,,,,
19:05.1,2,500,541,32000,32500,73.00%,44.56%,73.00%,73.00%,73.00%,72.67%,79.00%,,,,,,,,,,,,,
23:51.2,3,500,541,32000,32500,74.00%,53.47%,74.00%,74.00%,74.00%,73.83%,77.33%,,,,,,,,,,,,,
28:37.4,4,500,541,32000,32500,83.00%,45.10%,83.00%,83.00%,83.00%,82.98%,78.75%,,,,,,,,,,,,,
33:25.2,5,500,541,32000,32500,79.00%,59.71%,79.00%,79.00%,79.00%,77.07%,78.80%,,,,,,,,,,,,,
38:12.9,1,500,539,32500,33000,80.00%,49.75%,80.00%,80.00%,80.00%,79.99%,80.00%,,,,,,,,,,,,,
42:58.9,2,500,539,32500,33000,78.00%,64.44%,78.00%,78.00%,78.00%,77.08%,79.00%,,,,,,,,,,,,,
47:43.7,3,500,539,32500,33000,83.00%,51.09%,83.00%,83.00%,83.00%,82.79%,80.33%,,,,,,,,,,,,,
52:28.6,4,500,539,32500,33000,70.00%,56.04%,70.00%,70.00%,70.00%,69.40%,77.75%,,,,,,,,,,,,,
57:13.4,5,500,539,32500,33000,80.00%,41.38%,80.00%,80.00%,80.00%,78.78%,78.20%,,,,,,,,,,,,,
02:05.7,1,500,544,33000,33500,82.00%,45.61%,82.00%,82.00%,82.00%,81.99%,82.00%,,,,,,,,,,,,,
06:51.6,2,500,544,33000,33500,83.00%,52.47%,83.00%,83.00%,83.00%,83.00%,82.50%,,,,,,,,,,,,,
11:38.2,3,500,544,33000,33500,86.00%,42.96%,86.00%,86.00%,86.00%,85.80%,83.67%,,,,,,,,,,,,,
16:25.9,4,500,544,33000,33500,78.00%,53.97%,78.00%,78.00%,78.00%,77.92%,82.25%,,,,,,,,,,,,,
21:13.2,5,500,544,33000,33500,81.00%,39.68%,81.00%,81.00%,81.00%,81.00%,82.00%,,,,,,,,,,,,,
26:07.4,1,500,551,33500,34000,87.00%,28.62%,87.00%,87.00%,87.00%,86.94%,87.00%,,,,,,,,,,,,,
30:57.1,2,500,551,33500,34000,85.00%,43.91%,85.00%,85.00%,85.00%,84.55%,86.00%,,,,,,,,,,,,,
35:46.5,3,500,551,33500,34000,85.00%,31.68%,85.00%,85.00%,85.00%,84.65%,85.67%,,,,,,,,,,,,,
40:35.4,4,500,551,33500,34000,78.00%,54.32%,78.00%,78.00%,78.00%,77.42%,83.75%,,,,,,,,,,,,,
45:25.6,5,500,551,33500,34000,90.00%,28.55%,90.00%,90.00%,90.00%,89.96%,85.00%,,,,,,,,,,,,,
50:09.3,1,500,531,34000,34500,80.00%,64.00%,80.00%,80.00%,80.00%,79.80%,80.00%,,,,,,,,,,,,,
54:50.5,2,500,531,34000,34500,80.00%,40.31%,80.00%,80.00%,80.00%,79.47%,80.00%,,,,,,,,,,,,,
59:32.5,3,500,531,34000,34500,81.00%,42.27%,81.00%,81.00%,81.00%,80.84%,80.33%,,,,,,,,,,,,,
04:13.6,4,500,531,34000,34500,81.00%,34.99%,81.00%,81.00%,81.00%,80.12%,80.50%,,,,,,,,,,,,,
08:55.0,5,500,531,34000,34500,86.00%,28.96%,86.00%,86.00%,86.00%,85.53%,81.60%,,,,,,,,,,,,,
13:50.8,1,500,557,34500,35000,84.00%,36.04%,84.00%,84.00%,84.00%,81.62%,84.00%,,,,,,,,,,,,,
18:42.7,2,500,557,34500,35000,90.00%,27.14%,90.00%,90.00%,90.00%,89.39%,87.00%,,,,,,,,,,,,,
23:34.7,3,500,557,34500,35000,71.00%,66.12%,71.00%,71.00%,71.00%,70.97%,81.67%,,,,,,,,,,,,,
28:26.9,4,500,557,34500,35000,86.00%,35.15%,86.00%,86.00%,86.00%,85.29%,82.75%,,,,,,,,,,,,,
33:19.0,5,500,557,34500,35000,90.00%,27.35%,90.00%,90.00%,90.00%,89.27%,84.20%,,,,,,,,,,,,,
38:10.3,1,500,547,35000,35500,89.00%,29.14%,89.00%,89.00%,89.00%,88.67%,89.00%,,,,,,,,,,,,,
42:58.8,2,500,547,35000,35500,84.00%,50.70%,84.00%,84.00%,84.00%,83.02%,86.50%,,,,,,,,,,,,,
47:48.8,3,500,547,35000,35500,78.00%,73.64%,78.00%,78.00%,78.00%,77.96%,83.67%,,,,,,,,,,,,,
52:38.5,4,500,547,35000,35500,83.00%,39.20%,83.00%,83.00%,83.00%,83.00%,83.50%,,,,,,,,,,,,,
57:25.3,5,500,547,35000,35500,84.00%,39.60%,84.00%,84.00%,84.00%,83.90%,83.60%,,,,,,,,,,,,,
02:16.4,1,500,545,35500,36000,76.00%,45.18%,76.00%,76.00%,76.00%,74.26%,76.00%,,,,,,,,,,,,,
07:05.0,2,500,545,35500,36000,93.00%,22.21%,93.00%,93.00%,93.00%,93.00%,84.50%,,,,,,,,,,,,,
11:51.9,3,500,545,35500,36000,65.00%,66.27%,65.00%,65.00%,65.00%,61.79%,78.00%,,,,,,,,,,,,,
16:39.3,4,500,545,35500,36000,67.00%,83.09%,67.00%,67.00%,67.00%,63.49%,75.25%,,,,,,,,,,,,,
21:26.2,5,500,545,35500,36000,88.00%,33.46%,88.00%,88.00%,88.00%,87.92%,77.80%,,,,,,,,,,,,,
26:17.0,1,500,543,36000,36500,86.00%,36.63%,86.00%,86.00%,86.00%,85.80%,86.00%,,,,,,,,,,,,,
31:03.5,2,500,543,36000,36500,86.00%,37.78%,86.00%,86.00%,86.00%,84.98%,86.00%,,,,,,,,,,,,,
35:50.1,3,500,543,36000,36500,88.00%,38.24%,88.00%,88.00%,88.00%,87.50%,86.67%,,,,,,,,,,,,,
40:36.9,4,500,543,36000,36500,77.00%,57.57%,77.00%,77.00%,77.00%,77.00%,84.25%,,,,,,,,,,,,,
45:23.6,5,500,543,36000,36500,77.00%,48.81%,77.00%,77.00%,77.00%,76.89%,82.80%,,,,,,,,,,,,,
50:17.4,1,500,550,36500,37000,90.00%,30.35%,90.00%,90.00%,90.00%,90.00%,90.00%,,,,,,,,,,,,,
55:07.4,2,500,550,36500,37000,68.00%,78.15%,68.00%,68.00%,68.00%,64.35%,79.00%,,,,,,,,,,,,,
59:57.4,3,500,550,36500,37000,79.00%,44.40%,79.00%,79.00%,79.00%,78.74%,79.00%,,,,,,,,,,,,,
04:47.9,4,500,550,36500,37000,81.00%,55.21%,81.00%,81.00%,81.00%,80.77%,79.50%,,,,,,,,,,,,,
09:36.7,5,500,550,36500,37000,83.00%,34.34%,83.00%,83.00%,83.00%,82.86%,80.20%,,,,,,,,,,,,,
14:25.4,1,500,540,37000,37500,83.00%,42.59%,83.00%,83.00%,83.00%,83.00%,83.00%,,,,,,,,,,,,,
19:11.1,2,500,540,37000,37500,89.00%,35.33%,89.00%,89.00%,89.00%,88.97%,86.00%,,,,,,,,,,,,,
23:54.9,3,500,540,37000,37500,83.00%,50.27%,83.00%,83.00%,83.00%,82.49%,85.00%,,,,,,,,,,,,,
28:40.2,4,500,540,37000,37500,87.00%,37.84%,87.00%,87.00%,87.00%,87.00%,85.50%,,,,,,,,,,,,,
33:25.6,5,500,540,37000,37500,78.00%,55.79%,78.00%,78.00%,78.00%,77.42%,84.00%,,,,,,,,,,,,,
38:11.6,1,500,531,37500,38000,85.00%,40.67%,85.00%,85.00%,85.00%,84.31%,85.00%,,,,,,,,,,,,,
42:53.3,2,500,531,37500,38000,77.00%,64.38%,77.00%,77.00%,77.00%,72.35%,81.00%,,,,,,,,,,,,,
47:34.8,3,500,531,37500,38000,85.00%,31.23%,85.00%,85.00%,85.00%,84.44%,82.33%,,,,,,,,,,,,,
52:16.3,4,500,531,37500,38000,80.00%,47.49%,80.00%,80.00%,80.00%,79.87%,81.75%,,,,,,,,,,,,,
56:57.8,5,500,531,37500,38000,87.00%,29.75%,87.00%,87.00%,87.00%,86.51%,82.80%,,,,,,,,,,,,,
01:49.0,1,500,545,38000,38500,90.00%,29.86%,90.00%,90.00%,90.00%,89.90%,90.00%,,,,,,,,,,,,,
06:35.9,2,500,545,38000,38500,89.00%,30.41%,89.00%,89.00%,89.00%,88.95%,89.50%,,,,,,,,,,,,,
11:23.0,3,500,545,38000,38500,87.00%,27.62%,87.00%,87.00%,87.00%,86.84%,88.67%,,,,,,,,,,,,,
16:15.9,4,500,545,38000,38500,66.00%,74.17%,66.00%,66.00%,66.00%,59.52%,83.00%,,,,,,,,,,,,,
21:04.1,5,500,545,38000,38500,90.00%,27.71%,90.00%,90.00%,90.00%,89.94%,84.40%,,,,,,,,,,,,,
25:50.5,1,500,533,38500,39000,85.00%,35.98%,85.00%,85.00%,85.00%,84.96%,85.00%,,,,,,,,,,,,,
30:33.9,2,500,533,38500,39000,66.00%,64.92%,66.00%,66.00%,66.00%,60.94%,75.50%,,,,,,,,,,,,,
35:17.1,3,500,533,38500,39000,85.00%,44.25%,85.00%,85.00%,85.00%,84.93%,78.67%,,,,,,,,,,,,,
39:59.6,4,500,533,38500,39000,85.00%,35.19%,85.00%,85.00%,85.00%,84.93%,80.25%,,,,,,,,,,,,,
44:42.5,5,500,533,38500,39000,83.00%,34.86%,83.00%,83.00%,83.00%,82.92%,80.80%,,,,,,,,,,,,,
49:33.3,1,500,542,39000,39500,75.00%,73.10%,75.00%,75.00%,75.00%,73.60%,75.00%,,,,,,,,,,,,,
54:21.0,2,500,542,39000,39500,90.00%,28.68%,90.00%,90.00%,90.00%,89.96%,82.50%,,,,,,,,,,,,,
59:06.4,3,500,542,39000,39500,65.00%,83.30%,65.00%,65.00%,65.00%,60.11%,76.67%,,,,,,,,,,,,,
03:52.7,4,500,542,39000,39500,90.00%,40.18%,90.00%,90.00%,90.00%,89.90%,80.00%,,,,,,,,,,,,,
08:39.3,5,500,542,39000,39500,85.00%,34.60%,85.00%,85.00%,85.00%,84.82%,81.00%,,,,,,,,,,,,,
13:30.1,1,500,544,39500,40000,85.00%,35.98%,85.00%,85.00%,85.00%,84.74%,85.00%,,,,,,,,,,,,,
18:17.2,2,500,544,39500,40000,88.00%,38.17%,88.00%,88.00%,88.00%,87.96%,86.50%,,,,,,,,,,,,,
23:05.7,3,500,544,39500,40000,80.00%,47.82%,80.00%,80.00%,80.00%,79.60%,84.33%,,,,,,,,,,,,,
27:51.5,4,500,544,39500,40000,86.00%,41.47%,86.00%,86.00%,86.00%,85.98%,84.75%,,,,,,,,,,,,,
32:38.2,5,500,544,39500,40000,85.00%,35.70%,85.00%,85.00%,85.00%,84.96%,84.80%,,,,,,,,,,,,,
37:26.6,1,500,537,40000,40500,83.00%,38.06%,83.00%,83.00%,83.00%,82.98%,83.00%,,,,,,,,,,,,,
42:10.7,2,500,537,40000,40500,80.00%,39.40%,80.00%,80.00%,80.00%,79.93%,81.50%,,,,,,,,,,,,,
46:54.3,3,500,537,40000,40500,85.00%,50.25%,85.00%,85.00%,85.00%,84.93%,82.67%,,,,,,,,,,,,,
51:40.4,4,500,537,40000,40500,79.00%,49.31%,79.00%,79.00%,79.00%,78.52%,81.75%,,,,,,,,,,,,,
56:24.0,5,500,537,40000,40500,84.00%,42.08%,84.00%,84.00%,84.00%,83.97%,82.20%,,,,,,,,,,,,,
01:12.5,1,500,537,40500,41000,75.00%,62.53%,75.00%,75.00%,75.00%,74.88%,75.00%,,,,,,,,,,,,,
05:56.9,2,500,537,40500,41000,79.00%,40.45%,79.00%,79.00%,79.00%,76.07%,77.00%,,,,,,,,,,,,,
10:41.6,3,500,537,40500,41000,84.00%,35.59%,84.00%,84.00%,84.00%,83.97%,79.33%,,,,,,,,,,,,,
15:26.4,4,500,537,40500,41000,85.00%,32.13%,85.00%,85.00%,85.00%,84.55%,80.75%,,,,,,,,,,,,,
20:11.9,5,500,537,40500,41000,85.00%,32.61%,85.00%,85.00%,85.00%,83.17%,81.60%,,,,,,,,,,,,,
25:00.6,1,500,540,41000,41500,89.00%,32.70%,89.00%,89.00%,89.00%,88.27%,89.00%,,,,,,,,,,,,,
29:45.6,2,500,540,41000,41500,82.00%,43.78%,82.00%,82.00%,82.00%,81.97%,85.50%,,,,,,,,,,,,,
34:31.0,3,500,540,41000,41500,85.00%,40.81%,85.00%,85.00%,85.00%,84.31%,85.33%,,,,,,,,,,,,,
39:15.5,4,500,540,41000,41500,83.00%,42.33%,83.00%,83.00%,83.00%,82.98%,84.75%,,,,,,,,,,,,,
44:01.3,5,500,540,41000,41500,78.00%,50.18%,78.00%,78.00%,78.00%,75.12%,83.40%,,,,,,,,,,,,,
48:47.4,1,500,533,41500,42000,75.00%,49.25%,75.00%,75.00%,75.00%,71.51%,75.00%,,,,,,,,,,,,,
53:30.0,2,500,533,41500,42000,85.00%,41.09%,85.00%,85.00%,85.00%,85.00%,80.00%,,,,,,,,,,,,,
58:12.6,3,500,533,41500,42000,80.00%,44.00%,80.00%,80.00%,80.00%,79.93%,80.00%,,,,,,,,,,,,,
02:56.2,4,500,533,41500,42000,89.00%,29.20%,89.00%,89.00%,89.00%,88.95%,82.25%,,,,,,,,,,,,,
07:38.7,5,500,533,41500,42000,86.00%,42.20%,86.00%,86.00%,86.00%,85.42%,83.00%,,,,,,,,,,,,,
12:27.5,1,500,539,42000,42500,89.00%,25.29%,89.00%,89.00%,89.00%,88.97%,89.00%,,,,,,,,,,,,,
17:14.0,2,500,539,42000,42500,82.00%,62.43%,82.00%,82.00%,82.00%,81.64%,85.50%,,,,,,,,,,,,,
21:58.3,3,500,539,42000,42500,81.00%,40.68%,81.00%,81.00%,81.00%,80.12%,84.00%,,,,,,,,,,,,,
26:43.9,4,500,539,42000,42500,85.00%,43.21%,85.00%,85.00%,85.00%,84.88%,84.25%,,,,,,,,,,,,,
31:29.9,5,500,539,42000,42500,86.00%,35.43%,86.00%,86.00%,86.00%,85.95%,84.60%,,,,,,,,,,,,,
36:21.5,1,500,546,42500,43000,84.00%,42.00%,84.00%,84.00%,84.00%,83.58%,84.00%,,,,,,,,,,,,,
41:09.2,2,500,546,42500,43000,82.00%,48.45%,82.00%,82.00%,82.00%,81.40%,83.00%,,,,,,,,,,,,,
45:57.1,3,500,546,42500,43000,74.00%,81.56%,74.00%,74.00%,74.00%,73.48%,80.00%,,,,,,,,,,,,,
50:45.1,4,500,546,42500,43000,79.00%,50.60%,79.00%,79.00%,79.00%,78.90%,79.75%,,,,,,,,,,,,,
55:30.3,5,500,546,42500,43000,77.00%,72.65%,77.00%,77.00%,77.00%,76.81%,79.20%,,,,,,,,,,,,,
00:15.0,1,500,528,43000,43500,81.00%,39.92%,81.00%,81.00%,81.00%,80.91%,81.00%,,,,,,,,,,,,,
04:53.6,2,500,528,43000,43500,68.00%,84.13%,68.00%,68.00%,68.00%,67.36%,74.50%,,,,,,,,,,,,,
09:32.7,3,500,528,43000,43500,84.00%,38.37%,84.00%,84.00%,84.00%,83.94%,77.67%,,,,,,,,,,,,,
14:12.9,4,500,528,43000,43500,77.00%,49.04%,77.00%,77.00%,77.00%,74.89%,77.50%,,,,,,,,,,,,,
18:52.0,5,500,528,43000,43500,82.00%,41.08%,82.00%,82.00%,82.00%,81.08%,78.40%,,,,,,,,,,,,,
23:40.1,1,500,538,43500,44000,85.00%,32.46%,85.00%,85.00%,85.00%,83.62%,85.00%,,,,,,,,,,,,,
28:24.7,2,500,538,43500,44000,85.00%,32.82%,85.00%,85.00%,85.00%,83.41%,85.00%,,,,,,,,,,,,,
33:08.7,3,500,538,43500,44000,87.00%,29.48%,87.00%,87.00%,87.00%,86.13%,85.67%,,,,,,,,,,,,,
37:54.1,4,500,538,43500,44000,84.00%,36.39%,84.00%,84.00%,84.00%,82.42%,85.25%,,,,,,,,,,,,,
42:37.4,5,500,538,43500,44000,87.00%,27.45%,87.00%,87.00%,87.00%,85.41%,85.60%,,,,,,,,,,,,,
47:26.0,1,500,537,44000,44500,81.00%,55.18%,81.00%,81.00%,81.00%,80.91%,81.00%,,,,,,,,,,,,,
52:10.2,2,500,537,44000,44500,80.00%,47.92%,80.00%,80.00%,80.00%,79.99%,80.50%,,,,,,,,,,,,,
56:54.3,3,500,537,44000,44500,78.00%,54.37%,78.00%,78.00%,78.00%,77.86%,79.67%,,,,,,,,,,,,,
01:38.4,4,500,537,44000,44500,81.00%,43.15%,81.00%,81.00%,81.00%,80.98%,80.00%,,,,,,,,,,,,,
06:22.4,5,500,537,44000,44500,82.00%,51.24%,82.00%,82.00%,82.00%,81.82%,80.40%,,,,,,,,,,,,,
11:13.5,1,500,544,44500,45000,91.00%,28.78%,91.00%,91.00%,91.00%,90.85%,91.00%,,,,,,,,,,,,,
16:01.0,2,500,544,44500,45000,89.00%,30.63%,89.00%,89.00%,89.00%,88.59%,90.00%,,,,,,,,,,,,,
20:48.1,3,500,544,44500,45000,88.00%,33.27%,88.00%,88.00%,88.00%,88.00%,89.33%,,,,,,,,,,,,,
25:35.4,4,500,544,44500,45000,90.00%,30.00%,90.00%,90.00%,90.00%,89.94%,89.50%,,,,,,,,,,,,,
30:23.7,5,500,544,44500,45000,82.00%,40.11%,82.00%,82.00%,82.00%,81.97%,88.00%,,,,,,,,,,,,,
35:15.8,1,500,549,45000,45500,68.00%,85.21%,68.00%,68.00%,68.00%,67.88%,68.00%,,,,,,,,,,,,,
40:04.7,2,500,549,45000,45500,79.00%,57.23%,79.00%,79.00%,79.00%,78.83%,73.50%,,,,,,,,,,,,,
44:53.5,3,500,549,45000,45500,69.00%,98.15%,69.00%,69.00%,69.00%,69.00%,72.00%,,,,,,,,,,,,,
49:42.4,4,500,549,45000,45500,81.00%,40.41%,81.00%,81.00%,81.00%,79.51%,74.25%,,,,,,,,,,,,,
54:31.1,5,500,549,45000,45500,79.00%,51.10%,79.00%,79.00%,79.00%,78.74%,75.20%,,,,,,,,,,,,,
59:22.0,1,500,546,45500,46000,86.00%,29.78%,86.00%,86.00%,86.00%,85.72%,86.00%,,,,,,,,,,,,,
04:07.9,2,500,546,45500,46000,83.00%,38.54%,83.00%,83.00%,83.00%,82.98%,84.50%,,,,,,,,,,,,,
08:54.1,3,500,546,45500,46000,81.00%,45.84%,81.00%,81.00%,81.00%,80.84%,83.33%,,,,,,,,,,,,,
13:41.8,4,500,546,45500,46000,84.00%,32.19%,84.00%,84.00%,84.00%,83.33%,83.50%,,,,,,,,,,,,,
18:27.1,5,500,546,45500,46000,50.00%,70.93%,50.00%,50.00%,50.00%,41.56%,76.80%,,,,,,,,,,,,,
23:18.6,1,500,547,46000,46500,83.00%,44.08%,83.00%,83.00%,83.00%,82.49%,83.00%,,,,,,,,,,,,,
28:07.1,2,500,547,46000,46500,78.00%,80.72%,78.00%,78.00%,78.00%,76.40%,80.50%,,,,,,,,,,,,,
32:53.3,3,500,547,46000,46500,80.00%,54.54%,80.00%,80.00%,80.00%,79.60%,80.33%,,,,,,,,,,,,,
37:41.2,4,500,547,46000,46500,87.00%,38.65%,87.00%,87.00%,87.00%,86.89%,82.00%,,,,,,,,,,,,,
42:28.7,5,500,547,46000,46500,84.00%,38.35%,84.00%,84.00%,84.00%,83.90%,82.40%,,,,,,,,,,,,,
47:09.3,1,500,522,46500,47000,86.00%,36.09%,86.00%,86.00%,86.00%,85.99%,86.00%,,,,,,,,,,,,,
51:45.0,2,500,522,46500,47000,89.00%,31.21%,89.00%,89.00%,89.00%,88.75%,87.50%,,,,,,,,,,,,,
56:21.5,3,500,522,46500,47000,90.00%,29.44%,90.00%,90.00%,90.00%,89.90%,88.33%,,,,,,,,,,,,,
00:57.3,4,500,522,46500,47000,85.00%,35.52%,85.00%,85.00%,85.00%,84.88%,87.50%,,,,,,,,,,,,,
05:32.6,5,500,522,46500,47000,84.00%,35.88%,84.00%,84.00%,84.00%,84.00%,86.80%,,,,,,,,,,,,,
10:18.2,1,500,534,47000,47500,77.00%,57.22%,77.00%,77.00%,77.00%,75.47%,77.00%,,,,,,,,,,,,,
14:59.3,2,500,534,47000,47500,85.00%,41.38%,85.00%,85.00%,85.00%,84.88%,81.00%,,,,,,,,,,,,,
19:40.7,3,500,534,47000,47500,86.00%,36.86%,86.00%,86.00%,86.00%,85.63%,82.67%,,,,,,,,,,,,,
24:22.3,4,500,534,47000,47500,92.00%,30.21%,92.00%,92.00%,92.00%,91.99%,85.00%,,,,,,,,,,,,,
29:04.2,5,500,534,47000,47500,86.00%,30.51%,86.00%,86.00%,86.00%,85.99%,85.20%,,,,,,,,,,,,,
33:53.3,1,500,542,47500,48000,79.00%,44.12%,79.00%,79.00%,79.00%,78.98%,79.00%,,,,,,,,,,,,,
38:37.9,2,500,542,47500,48000,85.00%,38.44%,85.00%,85.00%,85.00%,84.65%,82.00%,,,,,,,,,,,,,
43:23.6,3,500,542,47500,48000,78.00%,62.44%,78.00%,78.00%,78.00%,76.66%,80.67%,,,,,,,,,,,,,
48:09.1,4,500,542,47500,48000,89.00%,30.55%,89.00%,89.00%,89.00%,89.00%,82.75%,,,,,,,,,,,,,
52:54.1,5,500,542,47500,48000,83.00%,34.96%,83.00%,83.00%,83.00%,82.92%,82.80%,,,,,,,,,,,,,
57:46.9,1,500,550,48000,48500,82.00%,47.04%,82.00%,82.00%,82.00%,81.53%,82.00%,,,,,,,,,,,,,
02:36.0,2,500,550,48000,48500,80.00%,47.18%,80.00%,80.00%,80.00%,79.87%,81.00%,,,,,,,,,,,,,
07:25.2,3,500,550,48000,48500,88.00%,32.14%,88.00%,88.00%,88.00%,87.96%,83.33%,,,,,,,,,,,,,
12:14.6,4,500,550,48000,48500,82.00%,43.77%,82.00%,82.00%,82.00%,81.97%,83.00%,,,,,,,,,,,,,
17:03.4,5,500,550,48000,48500,81.00%,40.72%,81.00%,81.00%,81.00%,80.43%,82.60%,,,,,,,,,,,,,
21:54.1,1,500,543,48500,49000,90.00%,26.78%,90.00%,90.00%,90.00%,89.94%,90.00%,,,,,,,,,,,,,
26:41.2,2,500,543,48500,49000,88.00%,34.21%,88.00%,88.00%,88.00%,87.76%,89.00%,,,,,,,,,,,,,
31:26.9,3,500,543,48500,49000,74.00%,57.13%,74.00%,74.00%,74.00%,71.43%,84.00%,,,,,,,,,,,,,
36:13.0,4,500,543,48500,49000,91.00%,25.73%,91.00%,91.00%,91.00%,90.89%,85.75%,,,,,,,,,,,,,
40:58.9,5,500,543,48500,49000,89.00%,25.93%,89.00%,89.00%,89.00%,88.99%,86.40%,,,,,,,,,,,,,
45:50.7,1,500,546,49000,49500,80.00%,47.95%,80.00%,80.00%,80.00%,79.97%,80.00%,,,,,,,,,,,,,
50:37.6,2,500,546,49000,49500,80.00%,49.20%,80.00%,80.00%,80.00%,79.87%,80.00%,,,,,,,,,,,,,
55:24.3,3,500,546,49000,49500,82.00%,49.27%,82.00%,82.00%,82.00%,81.08%,80.67%,,,,,,,,,,,,,
00:10.8,4,500,546,49000,49500,79.00%,59.74%,79.00%,79.00%,79.00%,78.98%,80.25%,,,,,,,,,,,,,
04:57.3,5,500,546,49000,49500,78.00%,67.97%,78.00%,78.00%,78.00%,77.92%,79.80%,,,,,,,,,,,,,
09:41.9,1,500,529,49500,50000,47.00%,70.11%,47.00%,47.00%,47.00%,31.97%,47.00%,,,,,,,,,,,,,
14:23.7,2,500,529,49500,50000,86.00%,30.75%,86.00%,86.00%,86.00%,85.63%,66.50%,,,,,,,,,,,,,
19:03.4,3,500,529,49500,50000,87.00%,30.87%,87.00%,87.00%,87.00%,86.70%,73.33%,,,,,,,,,,,,,
23:43.8,4,500,529,49500,50000,70.00%,56.88%,70.00%,70.00%,70.00%,68.75%,72.50%,,,,,,,,,,,,,
28:24.2,5,500,529,49500,50000,77.00%,64.32%,77.00%,77.00%,77.00%,76.32%,73.40%,,,,,,,,,,,,,
36:02.3,1,1000,1077,0,1000,85.00%,36.99%,85.00%,85.00%,85.00%,84.70%,85.00%,,,,,,,,,,,,,
44:47.2,2,1000,1077,0,1000,86.50%,39.37%,86.50%,86.50%,86.50%,86.35%,85.75%,,,,,,,,,,,,,
53:30.1,3,1000,1077,0,1000,86.50%,34.89%,86.50%,86.50%,86.50%,86.42%,86.00%,,,,,,,,,,,,,
02:12.7,4,1000,1077,0,1000,87.00%,31.03%,87.00%,87.00%,87.00%,86.94%,86.25%,,,,,,,,,,,,,
10:57.4,5,1000,1077,0,1000,88.50%,28.11%,88.50%,88.50%,88.50%,88.49%,86.70%,,,,,,,,,,,,,
19:42.3,1,1000,1072,1000,2000,86.50%,34.90%,86.50%,86.50%,86.50%,86.44%,86.50%,,,,,,,,,,,,,
28:23.3,2,1000,1072,1000,2000,77.50%,71.24%,77.50%,77.50%,77.50%,76.06%,82.00%,,,,,,,,,,,,,
37:06.0,3,1000,1072,1000,2000,86.00%,32.49%,86.00%,86.00%,86.00%,85.99%,83.33%,,,,,,,,,,,,,
45:47.3,4,1000,1072,1000,2000,84.50%,41.76%,84.50%,84.50%,84.50%,84.21%,83.63%,,,,,,,,,,,,,
54:28.3,5,1000,1072,1000,2000,88.00%,48.81%,88.00%,88.00%,88.00%,87.85%,84.50%,,,,,,,,,,,,,
03:23.7,1,1000,1095,2000,3000,88.50%,33.58%,88.50%,88.50%,88.50%,88.40%,88.50%,,,,,,,,,,,,,
12:14.3,2,1000,1095,2000,3000,85.50%,32.14%,85.50%,85.50%,85.50%,85.47%,87.00%,,,,,,,,,,,,,
21:05.9,3,1000,1095,2000,3000,88.00%,35.83%,88.00%,88.00%,88.00%,88.00%,87.33%,,,,,,,,,,,,,
29:56.8,4,1000,1095,2000,3000,89.00%,30.83%,89.00%,89.00%,89.00%,89.00%,87.75%,,,,,,,,,,,,,
38:48.6,5,1000,1095,2000,3000,85.50%,48.97%,85.50%,85.50%,85.50%,85.23%,87.30%,,,,,,,,,,,,,
47:47.0,1,1000,1082,3000,4000,89.50%,27.13%,89.50%,89.50%,89.50%,89.42%,89.50%,,,,,,,,,,,,,
56:34.0,2,1000,1082,3000,4000,89.00%,28.80%,89.00%,89.00%,89.00%,88.97%,89.25%,,,,,,,,,,,,,
05:20.8,3,1000,1082,3000,4000,88.00%,30.46%,88.00%,88.00%,88.00%,87.90%,88.83%,,,,,,,,,,,,,
14:06.7,4,1000,1082,3000,4000,85.50%,31.91%,85.50%,85.50%,85.50%,85.37%,88.00%,,,,,,,,,,,,,
22:52.0,5,1000,1082,3000,4000,91.00%,22.14%,91.00%,91.00%,91.00%,91.00%,88.60%,,,,,,,,,,,,,
31:39.1,1,1000,1071,4000,5000,89.00%,28.56%,89.00%,89.00%,89.00%,88.98%,89.00%,,,,,,,,,,,,,
40:20.1,2,1000,1071,4000,5000,84.50%,33.23%,84.50%,84.50%,84.50%,84.33%,86.75%,,,,,,,,,,,,,
49:01.4,3,1000,1071,4000,5000,79.00%,41.26%,79.00%,79.00%,79.00%,78.64%,84.17%,,,,,,,,,,,,,
57:43.1,4,1000,1071,4000,5000,87.00%,34.53%,87.00%,87.00%,87.00%,86.74%,84.88%,,,,,,,,,,,,,
06:25.6,5,1000,1071,4000,5000,87.00%,33.00%,87.00%,87.00%,87.00%,87.00%,85.30%,,,,,,,,,,,,,
15:07.0,1,1000,1062,5000,6000,87.50%,33.77%,87.50%,87.50%,87.50%,87.33%,87.50%,,,,,,,,,,,,,
23:43.9,2,1000,1062,5000,6000,81.00%,46.09%,81.00%,81.00%,81.00%,81.00%,84.25%,,,,,,,,,,,,,
32:20.3,3,1000,1062,5000,6000,85.50%,43.49%,85.50%,85.50%,85.50%,84.73%,84.67%,,,,,,,,,,,,,
40:57.0,4,1000,1062,5000,6000,79.00%,49.57%,79.00%,79.00%,79.00%,76.43%,83.25%,,,,,,,,,,,,,
49:33.5,5,1000,1062,5000,6000,87.00%,31.96%,87.00%,87.00%,87.00%,86.56%,84.00%,,,,,,,,,,,,,
58:21.2,1,1000,1076,6000,7000,83.00%,44.60%,83.00%,83.00%,83.00%,82.98%,83.00%,,,,,,,,,,,,,
07:04.5,2,1000,1076,6000,7000,87.00%,41.56%,87.00%,87.00%,87.00%,86.99%,85.00%,,,,,,,,,,,,,
15:47.9,3,1000,1076,6000,7000,76.50%,60.52%,76.50%,76.50%,76.50%,75.76%,82.17%,,,,,,,,,,,,,
24:31.9,4,1000,1076,6000,7000,83.50%,48.80%,83.50%,83.50%,83.50%,83.50%,82.50%,,,,,,,,,,,,,
33:15.9,5,1000,1076,6000,7000,77.50%,62.19%,77.50%,77.50%,77.50%,76.87%,81.50%,,,,,,,,,,,,,
42:04.2,1,1000,1075,7000,8000,85.50%,40.73%,85.50%,85.50%,85.50%,85.19%,85.50%,,,,,,,,,,,,,
50:47.7,2,1000,1075,7000,8000,78.00%,61.78%,78.00%,78.00%,78.00%,76.53%,81.75%,,,,,,,,,,,,,
59:31.7,3,1000,1075,7000,8000,85.00%,37.63%,85.00%,85.00%,85.00%,84.82%,82.83%,,,,,,,,,,,,,
08:14.9,4,1000,1075,7000,8000,84.50%,33.93%,84.50%,84.50%,84.50%,84.49%,83.25%,,,,,,,,,,,,,
16:57.3,5,1000,1075,7000,8000,82.00%,41.17%,82.00%,82.00%,82.00%,81.97%,83.00%,,,,,,,,,,,,,
25:50.3,1,1000,1090,8000,9000,84.50%,41.93%,84.50%,84.50%,84.50%,84.45%,84.50%,,,,,,,,,,,,,
34:40.0,2,1000,1090,8000,9000,75.00%,56.08%,75.00%,75.00%,75.00%,73.85%,79.75%,,,,,,,,,,,,,
43:30.8,3,1000,1090,8000,9000,87.00%,32.45%,87.00%,87.00%,87.00%,87.00%,82.17%,,,,,,,,,,,,,
52:17.5,4,1000,1090,8000,9000,84.00%,51.53%,84.00%,84.00%,84.00%,83.80%,82.63%,,,,,,,,,,,,,
01:05.4,5,1000,1090,8000,9000,87.00%,39.80%,87.00%,87.00%,87.00%,86.84%,83.50%,,,,,,,,,,,,,
09:53.9,1,1000,1080,9000,10000,86.50%,42.24%,86.50%,86.50%,86.50%,86.47%,86.50%,,,,,,,,,,,,,
18:38.2,2,1000,1080,9000,10000,88.50%,31.19%,88.50%,88.50%,88.50%,88.50%,87.50%,,,,,,,,,,,,,
27:23.3,3,1000,1080,9000,10000,88.50%,31.10%,88.50%,88.50%,88.50%,88.50%,87.83%,,,,,,,,,,,,,
36:06.3,4,1000,1080,9000,10000,86.50%,43.21%,86.50%,86.50%,86.50%,86.44%,87.50%,,,,,,,,,,,,,
44:50.8,5,1000,1080,9000,10000,88.00%,29.97%,88.00%,88.00%,88.00%,87.99%,87.60%,,,,,,,,,,,,,
53:38.3,1,1000,1076,10000,11000,85.00%,31.11%,85.00%,85.00%,85.00%,85.00%,85.00%,,,,,,,,,,,,,
02:21.8,2,1000,1076,10000,11000,81.50%,63.78%,81.50%,81.50%,81.50%,81.21%,83.25%,,,,,,,,,,,,,
11:06.2,3,1000,1076,10000,11000,84.00%,35.84%,84.00%,84.00%,84.00%,83.87%,83.50%,,,,,,,,,,,,,
19:49.9,4,1000,1076,10000,11000,86.00%,35.02%,86.00%,86.00%,86.00%,85.98%,84.13%,,,,,,,,,,,,,
28:33.5,5,1000,1076,10000,11000,85.50%,31.57%,85.50%,85.50%,85.50%,85.42%,84.40%,,,,,,,,,,,,,
37:27.3,1,1000,1091,11000,12000,78.50%,55.96%,78.50%,78.50%,78.50%,78.26%,78.50%,,,,,,,,,,,,,
46:16.4,2,1000,1091,11000,12000,81.50%,51.14%,81.50%,81.50%,81.50%,81.46%,80.00%,,,,,,,,,,,,,
55:05.1,3,1000,1091,11000,12000,85.00%,33.30%,85.00%,85.00%,85.00%,84.99%,81.67%,,,,,,,,,,,,,
03:55.1,4,1000,1091,11000,12000,83.50%,45.87%,83.50%,83.50%,83.50%,83.47%,82.13%,,,,,,,,,,,,,
12:45.3,5,1000,1091,11000,12000,87.50%,29.15%,87.50%,87.50%,87.50%,87.33%,83.20%,,,,,,,,,,,,,
21:42.7,1,1000,1098,12000,13000,89.00%,28.50%,89.00%,89.00%,89.00%,88.99%,89.00%,,,,,,,,,,,,,
30:35.2,2,1000,1098,12000,13000,87.00%,41.34%,87.00%,87.00%,87.00%,86.87%,88.00%,,,,,,,,,,,,,
39:28.0,3,1000,1098,12000,13000,89.00%,26.06%,89.00%,89.00%,89.00%,88.96%,88.33%,,,,,,,,,,,,,
48:21.5,4,1000,1098,12000,13000,86.00%,47.10%,86.00%,86.00%,86.00%,85.91%,87.75%,,,,,,,,,,,,,
57:13.3,5,1000,1098,12000,13000,86.00%,41.70%,86.00%,86.00%,86.00%,85.68%,87.40%,,,,,,,,,,,,,
06:07.8,1,1000,1091,13000,14000,85.00%,43.21%,85.00%,85.00%,85.00%,84.78%,85.00%,,,,,,,,,,,,,
14:57.4,2,1000,1091,13000,14000,84.50%,45.55%,84.50%,84.50%,84.50%,84.29%,84.75%,,,,,,,,,,,,,
23:48.0,3,1000,1091,13000,14000,77.00%,51.85%,77.00%,77.00%,77.00%,76.54%,82.17%,,,,,,,,,,,,,
32:37.5,4,1000,1091,13000,14000,85.50%,39.77%,85.50%,85.50%,85.50%,85.50%,83.00%,,,,,,,,,,,,,
41:27.7,5,1000,1091,13000,14000,82.50%,44.07%,82.50%,82.50%,82.50%,81.81%,82.90%,,,,,,,,,,,,,
50:14.8,1,1000,1070,14000,15000,85.00%,43.86%,85.00%,85.00%,85.00%,84.70%,85.00%,,,,,,,,,,,,,
58:56.0,2,1000,1070,14000,15000,86.50%,41.54%,86.50%,86.50%,86.50%,86.44%,85.75%,,,,,,,,,,,,,
07:39.3,3,1000,1070,14000,15000,87.50%,34.79%,87.50%,87.50%,87.50%,87.36%,86.33%,,,,,,,,,,,,,
16:20.5,4,1000,1070,14000,15000,82.00%,51.30%,82.00%,82.00%,82.00%,81.69%,85.25%,,,,,,,,,,,,,
25:02.2,5,1000,1070,14000,15000,85.00%,35.49%,85.00%,85.00%,85.00%,84.96%,85.20%,,,,,,,,,,,,,
33:58.8,1,1000,1096,15000,16000,86.00%,38.94%,86.00%,86.00%,86.00%,86.00%,86.00%,,,,,,,,,,,,,
42:50.8,2,1000,1096,15000,16000,87.50%,33.75%,87.50%,87.50%,87.50%,87.33%,86.75%,,,,,,,,,,,,,
51:42.3,3,1000,1096,15000,16000,89.00%,32.92%,89.00%,89.00%,89.00%,88.98%,87.50%,,,,,,,,,,,,,
00:34.0,4,1000,1096,15000,16000,89.50%,28.37%,89.50%,89.50%,89.50%,89.48%,88.00%,,,,,,,,,,,,,
09:24.3,5,1000,1096,15000,16000,88.50%,30.88%,88.50%,88.50%,88.50%,88.49%,88.10%,,,,,,,,,,,,,
18:11.0,1,1000,1069,16000,17000,83.50%,39.08%,83.50%,83.50%,83.50%,83.28%,83.50%,,,,,,,,,,,,,
26:51.3,2,1000,1069,16000,17000,85.50%,40.45%,85.50%,85.50%,85.50%,85.42%,84.50%,,,,,,,,,,,,,
35:32.7,3,1000,1069,16000,17000,85.50%,32.47%,85.50%,85.50%,85.50%,85.46%,84.83%,,,,,,,,,,,,,
44:14.9,4,1000,1069,16000,17000,84.00%,39.95%,84.00%,84.00%,84.00%,83.77%,84.62%,,,,,,,,,,,,,
52:56.6,5,1000,1069,16000,17000,88.00%,30.64%,88.00%,88.00%,88.00%,87.96%,85.30%,,,,,,,,,,,,,
01:37.9,1,1000,1060,17000,18000,84.00%,37.11%,84.00%,84.00%,84.00%,83.84%,84.00%,,,,,,,,,,,,,
10:15.3,2,1000,1060,17000,18000,88.50%,28.83%,88.50%,88.50%,88.50%,88.48%,86.25%,,,,,,,,,,,,,
18:52.7,3,1000,1060,17000,18000,85.50%,33.74%,85.50%,85.50%,85.50%,85.42%,86.00%,,,,,,,,,,,,,
27:30.5,4,1000,1060,17000,18000,87.00%,31.85%,87.00%,87.00%,87.00%,86.95%,86.25%,,,,,,,,,,,,,
36:08.1,5,1000,1060,17000,18000,88.50%,25.60%,88.50%,88.50%,88.50%,88.40%,86.70%,,,,,,,,,,,,,
44:58.3,1,1000,1085,18000,19000,79.00%,46.13%,79.00%,79.00%,79.00%,78.58%,79.00%,,,,,,,,,,,,,
53:45.9,2,1000,1085,18000,19000,82.00%,50.19%,82.00%,82.00%,82.00%,81.91%,80.50%,,,,,,,,,,,,,
02:32.9,3,1000,1085,18000,19000,86.00%,40.51%,86.00%,86.00%,86.00%,86.00%,82.33%,,,,,,,,,,,,,
11:20.0,4,1000,1085,18000,19000,82.00%,65.09%,82.00%,82.00%,82.00%,81.53%,82.25%,,,,,,,,,,,,,
20:10.5,5,1000,1085,18000,19000,79.50%,55.81%,79.50%,79.50%,79.50%,79.35%,81.70%,,,,,,,,,,,,,
29:04.8,1,1000,1089,19000,20000,85.50%,35.36%,85.50%,85.50%,85.50%,85.34%,85.50%,,,,,,,,,,,,,
37:54.2,2,1000,1089,19000,20000,79.00%,48.67%,79.00%,79.00%,79.00%,78.12%,82.25%,,,,,,,,,,,,,
46:43.5,3,1000,1089,19000,20000,89.00%,27.12%,89.00%,89.00%,89.00%,89.00%,84.50%,,,,,,,,,,,,,
55:33.2,4,1000,1089,19000,20000,90.00%,26.67%,90.00%,90.00%,90.00%,89.99%,85.88%,,,,,,,,,,,,,
04:23.2,5,1000,1089,19000,20000,88.00%,28.31%,88.00%,88.00%,88.00%,87.92%,86.30%,,,,,,,,,,,,,
13:27.0,1,1000,1111,20000,21000,90.50%,30.39%,90.50%,90.50%,90.50%,90.43%,90.50%,,,,,,,,,,,,,
22:25.7,2,1000,1111,20000,21000,89.50%,30.31%,89.50%,89.50%,89.50%,89.36%,90.00%,,,,,,,,,,,,,
31:25.3,3,1000,1111,20000,21000,90.00%,28.17%,90.00%,90.00%,90.00%,89.85%,90.00%,,,,,,,,,,,,,
40:23.8,4,1000,1111,20000,21000,87.50%,39.89%,87.50%,87.50%,87.50%,87.11%,89.37%,,,,,,,,,,,,,
49:23.6,5,1000,1111,20000,21000,87.50%,29.27%,87.50%,87.50%,87.50%,87.23%,89.00%,,,,,,,,,,,,,
58:14.2,1,1000,1077,21000,22000,86.50%,40.63%,86.50%,86.50%,86.50%,86.46%,86.50%,,,,,,,,,,,,,
06:58.8,2,1000,1077,21000,22000,83.50%,47.08%,83.50%,83.50%,83.50%,83.47%,85.00%,,,,,,,,,,,,,
15:44.0,3,1000,1077,21000,22000,85.00%,31.42%,85.00%,85.00%,85.00%,84.99%,85.00%,,,,,,,,,,,,,
24:28.6,4,1000,1077,21000,22000,86.00%,33.21%,86.00%,86.00%,86.00%,86.00%,85.25%,,,,,,,,,,,,,
33:13.7,5,1000,1077,21000,22000,81.00%,42.51%,81.00%,81.00%,81.00%,80.36%,84.40%,,,,,,,,,,,,,
42:08.0,1,1000,1088,22000,23000,90.50%,31.22%,90.50%,90.50%,90.50%,90.41%,90.50%,,,,,,,,,,,,,
50:57.8,2,1000,1088,22000,23000,88.00%,37.37%,88.00%,88.00%,88.00%,88.00%,89.25%,,,,,,,,,,,,,
59:47.4,3,1000,1088,22000,23000,88.50%,36.26%,88.50%,88.50%,88.50%,88.18%,89.00%,,,,,,,,,,,,,
08:37.5,4,1000,1088,22000,23000,88.00%,32.07%,88.00%,88.00%,88.00%,87.98%,88.75%,,,,,,,,,,,,,
17:27.4,5,1000,1088,22000,23000,93.00%,26.24%,93.00%,93.00%,93.00%,92.88%,89.60%,,,,,,,,,,,,,
26:22.0,1,1000,1089,23000,24000,89.50%,35.77%,89.50%,89.50%,89.50%,89.42%,89.50%,,,,,,,,,,,,,
35:11.2,2,1000,1089,23000,24000,87.50%,31.80%,87.50%,87.50%,87.50%,87.49%,88.50%,,,,,,,,,,,,,
44:00.5,3,1000,1089,23000,24000,91.50%,23.62%,91.50%,91.50%,91.50%,91.42%,89.50%,,,,,,,,,,,,,
52:50.2,4,1000,1089,23000,24000,92.00%,26.00%,92.00%,92.00%,92.00%,91.98%,90.13%,,,,,,,,,,,,,
01:39.6,5,1000,1089,23000,24000,88.50%,28.28%,88.50%,88.50%,88.50%,88.45%,89.80%,,,,,,,,,,,,,
10:33.9,1,1000,1089,24000,25000,80.50%,40.56%,80.50%,80.50%,80.50%,79.88%,80.50%,,,,,,,,,,,,,
19:23.4,2,1000,1089,24000,25000,85.50%,42.25%,85.50%,85.50%,85.50%,85.37%,83.00%,,,,,,,,,,,,,
28:12.4,3,1000,1089,24000,25000,84.50%,39.66%,84.50%,84.50%,84.50%,84.36%,83.50%,,,,,,,,,,,,,
37:01.5,4,1000,1089,24000,25000,75.00%,81.35%,75.00%,75.00%,75.00%,74.42%,81.38%,,,,,,,,,,,,,
45:49.0,5,1000,1089,24000,25000,84.50%,38.69%,84.50%,84.50%,84.50%,84.49%,82.00%,,,,,,,,,,,,,
54:44.7,1,1000,1094,25000,26000,91.00%,20.32%,91.00%,91.00%,91.00%,90.85%,91.00%,,,,,,,,,,,,,
03:34.1,2,1000,1094,25000,26000,90.00%,22.93%,90.00%,90.00%,90.00%,89.95%,90.50%,,,,,,,,,,,,,
12:23.4,3,1000,1094,25000,26000,79.00%,54.42%,79.00%,79.00%,79.00%,78.86%,86.67%,,,,,,,,,,,,,
21:14.4,4,1000,1094,25000,26000,90.50%,23.77%,90.50%,90.50%,90.50%,90.32%,87.62%,,,,,,,,,,,,,
30:04.1,5,1000,1094,25000,26000,91.00%,20.34%,91.00%,91.00%,91.00%,90.76%,88.30%,,,,,,,,,,,,,
38:53.4,1,1000,1084,26000,27000,89.00%,24.96%,89.00%,89.00%,89.00%,88.89%,89.00%,,,,,,,,,,,,,
47:39.0,2,1000,1084,26000,27000,85.00%,44.73%,85.00%,85.00%,85.00%,84.90%,87.00%,,,,,,,,,,,,,
56:24.3,3,1000,1084,26000,27000,90.00%,32.30%,90.00%,90.00%,90.00%,89.99%,88.00%,,,,,,,,,,,,,
05:09.4,4,1000,1084,26000,27000,86.50%,42.21%,86.50%,86.50%,86.50%,86.44%,87.62%,,,,,,,,,,,,,
13:54.6,5,1000,1084,26000,27000,89.00%,31.91%,89.00%,89.00%,89.00%,88.96%,87.90%,,,,,,,,,,,,,
22:44.1,1,1000,1085,27000,28000,85.00%,35.48%,85.00%,85.00%,85.00%,84.82%,85.00%,,,,,,,,,,,,,
31:29.7,2,1000,1085,27000,28000,86.00%,35.58%,86.00%,86.00%,86.00%,85.99%,85.50%,,,,,,,,,,,,,
40:16.0,3,1000,1085,27000,28000,89.50%,29.97%,89.50%,89.50%,89.50%,89.49%,86.83%,,,,,,,,,,,,,
49:01.6,4,1000,1085,27000,28000,88.00%,34.23%,88.00%,88.00%,88.00%,87.96%,87.13%,,,,,,,,,,,,,
57:48.6,5,1000,1085,27000,28000,84.50%,36.40%,84.50%,84.50%,84.50%,84.33%,86.60%,,,,,,,,,,,,,
06:35.0,1,1000,1073,28000,29000,85.00%,33.17%,85.00%,85.00%,85.00%,84.99%,85.00%,,,,,,,,,,,,,
15:17.4,2,1000,1073,28000,29000,87.50%,31.71%,87.50%,87.50%,87.50%,87.49%,86.25%,,,,,,,,,,,,,
24:00.1,3,1000,1073,28000,29000,88.50%,31.47%,88.50%,88.50%,88.50%,88.50%,87.00%,,,,,,,,,,,,,
32:43.1,4,1000,1073,28000,29000,92.50%,21.28%,92.50%,92.50%,92.50%,92.48%,88.38%,,,,,,,,,,,,,
41:23.9,5,1000,1073,28000,29000,91.00%,27.79%,91.00%,91.00%,91.00%,90.94%,88.90%,,,,,,,,,,,,,
50:16.8,1,1000,1092,29000,30000,89.00%,27.53%,89.00%,89.00%,89.00%,88.99%,89.00%,,,,,,,,,,,,,
59:06.0,2,1000,1092,29000,30000,87.50%,43.62%,87.50%,87.50%,87.50%,87.30%,88.25%,,,,,,,,,,,,,
07:54.8,3,1000,1092,29000,30000,87.50%,33.10%,87.50%,87.50%,87.50%,87.39%,88.00%,,,,,,,,,,,,,
16:41.2,4,1000,1092,29000,30000,83.00%,40.94%,83.00%,83.00%,83.00%,82.61%,86.75%,,,,,,,,,,,,,
25:28.0,5,1000,1092,29000,30000,90.00%,26.71%,90.00%,90.00%,90.00%,90.00%,87.40%,,,,,,,,,,,,,
34:19.1,1,1000,1087,30000,31000,84.00%,41.25%,84.00%,84.00%,84.00%,83.96%,84.00%,,,,,,,,,,,,,
43:05.3,2,1000,1087,30000,31000,87.00%,30.73%,87.00%,87.00%,87.00%,87.00%,85.50%,,,,,,,,,,,,,
51:50.0,3,1000,1087,30000,31000,86.00%,38.04%,86.00%,86.00%,86.00%,85.98%,85.67%,,,,,,,,,,,,,
00:35.8,4,1000,1087,30000,31000,88.00%,29.43%,88.00%,88.00%,88.00%,88.00%,86.25%,,,,,,,,,,,,,
09:22.3,5,1000,1087,30000,31000,84.50%,33.02%,84.50%,84.50%,84.50%,84.45%,85.90%,,,,,,,,,,,,,
18:13.0,1,1000,1087,31000,32000,84.50%,45.46%,84.50%,84.50%,84.50%,84.17%,84.50%,,,,,,,,,,,,,
26:59.8,2,1000,1087,31000,32000,82.50%,41.98%,82.50%,82.50%,82.50%,82.22%,83.50%,,,,,,,,,,,,,
35:46.9,3,1000,1087,31000,32000,72.00%,102.74%,72.00%,72.00%,72.00%,68.09%,79.67%,,,,,,,,,,,,,
44:34.1,4,1000,1087,31000,32000,79.00%,41.39%,79.00%,79.00%,79.00%,77.72%,79.50%,,,,,,,,,,,,,
53:20.4,5,1000,1087,31000,32000,84.50%,40.20%,84.50%,84.50%,84.50%,84.47%,80.50%,,,,,,,,,,,,,
02:07.4,1,1000,1080,32000,33000,89.50%,26.48%,89.50%,89.50%,89.50%,89.48%,89.50%,,,,,,,,,,,,,
10:49.4,2,1000,1080,32000,33000,82.50%,47.83%,82.50%,82.50%,82.50%,82.37%,86.00%,,,,,,,,,,,,,
19:33.0,3,1000,1080,32000,33000,84.00%,37.96%,84.00%,84.00%,84.00%,83.94%,85.33%,,,,,,,,,,,,,
28:14.6,4,1000,1080,32000,33000,87.00%,40.70%,87.00%,87.00%,87.00%,86.66%,85.75%,,,,,,,,,,,,,
36:55.8,5,1000,1080,32000,33000,88.00%,33.00%,88.00%,88.00%,88.00%,87.88%,86.20%,,,,,,,,,,,,,
45:49.6,1,1000,1094,33000,34000,90.50%,38.02%,90.50%,90.50%,90.50%,90.47%,90.50%,,,,,,,,,,,,,
54:37.6,2,1000,1094,33000,34000,91.50%,24.46%,91.50%,91.50%,91.50%,91.46%,91.00%,,,,,,,,,,,,,
03:28.7,3,1000,1094,33000,34000,91.00%,24.45%,91.00%,91.00%,91.00%,91.00%,91.00%,,,,,,,,,,,,,
12:17.3,4,1000,1094,33000,34000,90.50%,26.33%,90.50%,90.50%,90.50%,90.49%,90.87%,,,,,,,,,,,,,
21:07.5,5,1000,1094,33000,34000,85.00%,41.34%,85.00%,85.00%,85.00%,84.93%,89.70%,,,,,,,,,,,,,
30:01.1,1,1000,1088,34000,35000,88.50%,36.81%,88.50%,88.50%,88.50%,88.49%,88.50%,,,,,,,,,,,,,
38:49.4,2,1000,1088,34000,35000,86.00%,39.57%,86.00%,86.00%,86.00%,85.99%,87.25%,,,,,,,,,,,,,
47:35.5,3,1000,1088,34000,35000,88.00%,31.83%,88.00%,88.00%,88.00%,87.99%,87.50%,,,,,,,,,,,,,
56:24.1,4,1000,1088,34000,35000,84.00%,43.45%,84.00%,84.00%,84.00%,83.99%,86.62%,,,,,,,,,,,,,
05:13.0,5,1000,1088,34000,35000,86.50%,34.22%,86.50%,86.50%,86.50%,86.50%,86.60%,,,,,,,,,,,,,
14:07.1,1,1000,1093,35000,36000,74.50%,61.87%,74.50%,74.50%,74.50%,73.87%,74.50%,,,,,,,,,,,,,
22:58.6,2,1000,1093,35000,36000,75.50%,58.76%,75.50%,75.50%,75.50%,74.97%,75.00%,,,,,,,,,,,,,
31:49.2,3,1000,1093,35000,36000,87.00%,32.14%,87.00%,87.00%,87.00%,86.78%,79.00%,,,,,,,,,,,,,
40:39.2,4,1000,1093,35000,36000,88.50%,34.33%,88.50%,88.50%,88.50%,88.40%,81.37%,,,,,,,,,,,,,
49:30.1,5,1000,1093,35000,36000,85.00%,46.55%,85.00%,85.00%,85.00%,84.50%,82.10%,,,,,,,,,,,,,
58:20.3,1,1000,1081,36000,37000,86.00%,33.15%,86.00%,86.00%,86.00%,85.95%,86.00%,,,,,,,,,,,,,
07:07.4,2,1000,1081,36000,37000,85.00%,35.81%,85.00%,85.00%,85.00%,84.96%,85.50%,,,,,,,,,,,,,
15:53.2,3,1000,1081,36000,37000,83.50%,35.49%,83.50%,83.50%,83.50%,83.45%,84.83%,,,,,,,,,,,,,
24:38.3,4,1000,1081,36000,37000,83.50%,35.59%,83.50%,83.50%,83.50%,83.24%,84.50%,,,,,,,,,,,,,
33:23.0,5,1000,1081,36000,37000,82.00%,45.02%,82.00%,82.00%,82.00%,81.85%,84.00%,,,,,,,,,,,,,
42:08.1,1,1000,1073,37000,38000,89.00%,31.87%,89.00%,89.00%,89.00%,89.00%,89.00%,,,,,,,,,,,,,
50:49.3,2,1000,1073,37000,38000,89.50%,26.22%,89.50%,89.50%,89.50%,89.50%,89.25%,,,,,,,,,,,,,
59:29.7,3,1000,1073,37000,38000,83.50%,34.38%,83.50%,83.50%,83.50%,83.41%,87.33%,,,,,,,,,,,,,
08:10.3,4,1000,1073,37000,38000,78.50%,53.95%,78.50%,78.50%,78.50%,77.90%,85.12%,,,,,,,,,,,,,
16:53.1,5,1000,1073,37000,38000,87.00%,31.77%,87.00%,87.00%,87.00%,86.97%,85.50%,,,,,,,,,,,,,
25:40.3,1,1000,1073,38000,39000,87.50%,31.84%,87.50%,87.50%,87.50%,87.49%,87.50%,,,,,,,,,,,,,
34:24.1,2,1000,1073,38000,39000,87.00%,27.67%,87.00%,87.00%,87.00%,86.89%,87.25%,,,,,,,,,,,,,
43:07.7,3,1000,1073,38000,39000,89.00%,27.62%,89.00%,89.00%,89.00%,88.99%,87.83%,,,,,,,,,,,,,
51:51.5,4,1000,1073,38000,39000,88.00%,35.63%,88.00%,88.00%,88.00%,87.97%,87.87%,,,,,,,,,,,,,
00:33.8,5,1000,1073,38000,39000,85.50%,41.22%,85.50%,85.50%,85.50%,85.44%,87.40%,,,,,,,,,,,,,
09:27.5,1,1000,1095,39000,40000,86.50%,35.10%,86.50%,86.50%,86.50%,86.35%,86.50%,,,,,,,,,,,,,
18:20.1,2,1000,1095,39000,40000,87.00%,39.67%,87.00%,87.00%,87.00%,86.92%,86.75%,,,,,,,,,,,,,
27:12.1,3,1000,1095,39000,40000,79.50%,50.69%,79.50%,79.50%,79.50%,79.12%,84.33%,,,,,,,,,,,,,
36:03.0,4,1000,1095,39000,40000,81.50%,55.95%,81.50%,81.50%,81.50%,80.84%,83.63%,,,,,,,,,,,,,
44:55.2,5,1000,1095,39000,40000,83.00%,39.35%,83.00%,83.00%,83.00%,82.89%,83.50%,,,,,,,,,,,,,
53:42.7,1,1000,1077,40000,41000,86.50%,45.37%,86.50%,86.50%,86.50%,86.25%,86.50%,,,,,,,,,,,,,
02:24.7,2,1000,1077,40000,41000,84.50%,40.22%,84.50%,84.50%,84.50%,84.01%,85.50%,,,,,,,,,,,,,
11:08.6,3,1000,1077,40000,41000,81.50%,48.10%,81.50%,81.50%,81.50%,81.44%,84.17%,,,,,,,,,,,,,
19:52.7,4,1000,1077,40000,41000,81.00%,42.43%,81.00%,81.00%,81.00%,79.12%,83.38%,,,,,,,,,,,,,
28:36.8,5,1000,1077,40000,41000,85.50%,36.84%,85.50%,85.50%,85.50%,85.04%,83.80%,,,,,,,,,,,,,
37:28.6,1,1000,1081,41000,42000,82.00%,50.93%,82.00%,82.00%,82.00%,81.40%,82.00%,,,,,,,,,,,,,
46:14.4,2,1000,1081,41000,42000,84.50%,35.98%,84.50%,84.50%,84.50%,84.50%,83.25%,,,,,,,,,,,,,
55:01.4,3,1000,1081,41000,42000,91.50%,24.24%,91.50%,91.50%,91.50%,91.50%,86.00%,,,,,,,,,,,,,
03:48.2,4,1000,1081,41000,42000,86.50%,35.75%,86.50%,86.50%,86.50%,86.50%,86.13%,,,,,,,,,,,,,
12:35.0,5,1000,1081,41000,42000,83.50%,34.28%,83.50%,83.50%,83.50%,83.38%,85.60%,,,,,,,,,,,,,
21:21.2,1,1000,1073,42000,43000,87.50%,28.11%,87.50%,87.50%,87.50%,87.33%,87.50%,,,,,,,,,,,,,
30:02.9,2,1000,1073,42000,43000,88.00%,31.74%,88.00%,88.00%,88.00%,87.97%,87.75%,,,,,,,,,,,,,
38:43.9,3,1000,1073,42000,43000,87.00%,32.22%,87.00%,87.00%,87.00%,86.70%,87.50%,,,,,,,,,,,,,
47:26.9,4,1000,1073,42000,43000,84.50%,35.20%,84.50%,84.50%,84.50%,83.89%,86.75%,,,,,,,,,,,,,
56:08.7,5,1000,1073,42000,43000,85.50%,32.12%,85.50%,85.50%,85.50%,84.93%,86.50%,,,,,,,,,,,,,
04:57.1,1,1000,1076,43000,44000,86.00%,33.99%,86.00%,86.00%,86.00%,85.95%,86.00%,,,,,,,,,,,,,
13:42.6,2,1000,1076,43000,44000,93.50%,20.40%,93.50%,93.50%,93.50%,93.49%,89.75%,,,,,,,,,,,,,
22:26.4,3,1000,1076,43000,44000,92.50%,20.99%,92.50%,92.50%,92.50%,92.50%,90.67%,,,,,,,,,,,,,
31:09.2,4,1000,1076,43000,44000,92.00%,24.35%,92.00%,92.00%,92.00%,91.97%,91.00%,,,,,,,,,,,,,
39:50.8,5,1000,1076,43000,44000,92.50%,19.51%,92.50%,92.50%,92.50%,92.50%,91.30%,,,,,,,,,,,,,
48:38.0,1,1000,1073,44000,45000,85.00%,39.28%,85.00%,85.00%,85.00%,84.90%,85.00%,,,,,,,,,,,,,
57:18.7,2,1000,1073,44000,45000,83.00%,41.51%,83.00%,83.00%,83.00%,82.89%,84.00%,,,,,,,,,,,,,
05:58.7,3,1000,1073,44000,45000,86.00%,39.10%,86.00%,86.00%,86.00%,86.00%,84.67%,,,,,,,,,,,,,
14:39.5,4,1000,1073,44000,45000,84.00%,50.87%,84.00%,84.00%,84.00%,84.00%,84.50%,,,,,,,,,,,,,
23:19.9,5,1000,1073,44000,45000,86.00%,36.60%,86.00%,86.00%,86.00%,85.99%,84.80%,,,,,,,,,,,,,
32:13.3,1,1000,1091,45000,46000,86.00%,32.78%,86.00%,86.00%,86.00%,85.96%,86.00%,,,,,,,,,,,,,
41:02.3,2,1000,1091,45000,46000,84.50%,38.30%,84.50%,84.50%,84.50%,84.49%,85.25%,,,,,,,,,,,,,
49:49.0,3,1000,1091,45000,46000,83.00%,36.36%,83.00%,83.00%,83.00%,83.00%,84.50%,,,,,,,,,,,,,
58:38.2,4,1000,1091,45000,46000,79.50%,63.07%,79.50%,79.50%,79.50%,79.41%,83.25%,,,,,,,,,,,,,
07:26.8,5,1000,1091,45000,46000,81.00%,56.54%,81.00%,81.00%,81.00%,80.95%,82.80%,,,,,,,,,,,,,
16:10.3,1,1000,1071,46000,47000,84.50%,33.02%,84.50%,84.50%,84.50%,84.50%,84.50%,,,,,,,,,,,,,
24:51.5,2,1000,1071,46000,47000,83.00%,37.61%,83.00%,83.00%,83.00%,82.55%,83.75%,,,,,,,,,,,,,
33:30.2,3,1000,1071,46000,47000,85.00%,43.72%,85.00%,85.00%,85.00%,84.74%,84.17%,,,,,,,,,,,,,
42:10.6,4,1000,1071,46000,47000,86.50%,33.01%,86.50%,86.50%,86.50%,86.40%,84.75%,,,,,,,,,,,,,
50:50.7,5,1000,1071,46000,47000,84.00%,55.80%,84.00%,84.00%,84.00%,83.84%,84.60%,,,,,,,,,,,,,
59:41.8,1,1000,1081,47000,48000,88.00%,37.15%,88.00%,88.00%,88.00%,87.99%,88.00%,,,,,,,,,,,,,
08:28.1,2,1000,1081,47000,48000,86.50%,34.67%,86.50%,86.50%,86.50%,86.47%,87.25%,,,,,,,,,,,,,
17:14.8,3,1000,1081,47000,48000,87.50%,35.00%,87.50%,87.50%,87.50%,87.47%,87.33%,,,,,,,,,,,,,
26:02.3,4,1000,1081,47000,48000,81.50%,42.18%,81.50%,81.50%,81.50%,81.29%,85.88%,,,,,,,,,,,,,
34:49.9,5,1000,1081,47000,48000,86.50%,34.34%,86.50%,86.50%,86.50%,86.50%,86.00%,,,,,,,,,,,,,
43:48.8,1,1000,1100,48000,49000,91.00%,27.48%,91.00%,91.00%,91.00%,90.91%,91.00%,,,,,,,,,,,,,
52:41.5,2,1000,1100,48000,49000,87.00%,28.63%,87.00%,87.00%,87.00%,86.46%,89.00%,,,,,,,,,,,,,
01:36.5,3,1000,1100,48000,49000,83.50%,43.01%,83.50%,83.50%,83.50%,83.50%,87.17%,,,,,,,,,,,,,
10:29.2,4,1000,1100,48000,49000,82.50%,53.10%,82.50%,82.50%,82.50%,82.50%,86.00%,,,,,,,,,,,,,
19:20.5,5,1000,1100,48000,49000,89.50%,27.96%,89.50%,89.50%,89.50%,89.21%,86.70%,,,,,,,,,,,,,
28:10.2,1,1000,1083,49000,50000,89.50%,33.35%,89.50%,89.50%,89.50%,89.50%,89.50%,,,,,,,,,,,,,
36:55.5,2,1000,1083,49000,50000,83.00%,46.82%,83.00%,83.00%,83.00%,82.71%,86.25%,,,,,,,,,,,,,
45:43.6,3,1000,1083,49000,50000,83.50%,43.67%,83.50%,83.50%,83.50%,83.48%,85.33%,,,,,,,,,,,,,
54:30.8,4,1000,1083,49000,50000,87.50%,32.57%,87.50%,87.50%,87.50%,87.49%,85.87%,,,,,,,,,,,,,
03:19.0,5,1000,1083,49000,50000,74.50%,78.80%,74.50%,74.50%,74.50%,73.49%,83.60%,,,,,,,,,,,,,
49:28.0,1,2000,2163,0,2000,89.00%,38.89%,89.00%,89.00%,89.00%,89.00%,89.00%,,,,,,,,,,,,,
06:25.3,2,2000,2163,0,2000,88.00%,36.64%,88.00%,88.00%,88.00%,88.00%,88.50%,,,,,,,,,,,,,
23:22.9,3,2000,2163,0,2000,87.50%,33.95%,87.50%,87.50%,87.50%,87.45%,88.17%,,,,,,,,,,,,,
40:21.3,4,2000,2163,0,2000,86.75%,28.15%,86.75%,86.75%,86.75%,86.71%,87.81%,,,,,,,,,,,,,
57:20.8,5,2000,2163,0,2000,89.00%,31.69%,89.00%,89.00%,89.00%,88.97%,88.05%,,,,,,,,,,,,,
14:36.2,1,2000,2192,2000,4000,90.00%,27.53%,90.00%,90.00%,90.00%,89.99%,90.00%,,,,,,,,,,,,,
31:49.8,2,2000,2192,2000,4000,89.25%,27.34%,89.25%,89.25%,89.25%,89.24%,89.62%,,,,,,,,,,,,,
49:02.9,3,2000,2192,2000,4000,85.75%,34.87%,85.75%,85.75%,85.75%,85.63%,88.33%,,,,,,,,,,,,,
06:15.0,4,2000,2192,2000,4000,90.75%,27.99%,90.75%,90.75%,90.75%,90.75%,88.94%,,,,,,,,,,,,,
23:29.6,5,2000,2192,2000,4000,80.25%,65.97%,80.25%,80.25%,80.25%,79.71%,87.20%,,,,,,,,,,,,,
40:33.1,1,2000,2155,4000,6000,89.25%,29.81%,89.25%,89.25%,89.25%,89.23%,89.25%,,,,,,,,,,,,,
57:29.8,2,2000,2155,4000,6000,86.50%,46.67%,86.50%,86.50%,86.50%,86.36%,87.87%,,,,,,,,,,,,,
14:28.5,3,2000,2155,4000,6000,87.00%,38.60%,87.00%,87.00%,87.00%,86.96%,87.58%,,,,,,,,,,,,,
31:26.7,4,2000,2155,4000,6000,90.00%,27.08%,90.00%,90.00%,90.00%,89.99%,88.19%,,,,,,,,,,,,,
48:22.8,5,2000,2155,4000,6000,90.00%,29.28%,90.00%,90.00%,90.00%,90.00%,88.55%,,,,,,,,,,,,,
05:24.1,1,2000,2156,6000,8000,86.25%,41.45%,86.25%,86.25%,86.25%,86.16%,86.25%,,,,,,,,,,,,,
22:20.9,2,2000,2156,6000,8000,87.25%,31.75%,87.25%,87.25%,87.25%,87.19%,86.75%,,,,,,,,,,,,,
39:18.0,3,2000,2156,6000,8000,86.50%,37.77%,86.50%,86.50%,86.50%,86.36%,86.67%,,,,,,,,,,,,,
56:15.1,4,2000,2156,6000,8000,86.25%,33.14%,86.25%,86.25%,86.25%,86.23%,86.56%,,,,,,,,,,,,,
13:10.9,5,2000,2156,6000,8000,87.75%,30.09%,87.75%,87.75%,87.75%,87.73%,86.80%,,,,,,,,,,,,,
30:11.5,1,2000,2160,8000,10000,79.75%,51.22%,79.75%,79.75%,79.75%,79.44%,79.75%,,,,,,,,,,,,,
47:07.3,2,2000,2160,8000,10000,87.25%,35.87%,87.25%,87.25%,87.25%,87.25%,83.50%,,,,,,,,,,,,,
04:02.0,3,2000,2160,8000,10000,86.75%,35.20%,86.75%,86.75%,86.75%,86.74%,84.58%,,,,,,,,,,,,,
20:56.2,4,2000,2160,8000,10000,89.25%,29.37%,89.25%,89.25%,89.25%,89.22%,85.75%,,,,,,,,,,,,,
37:50.6,5,2000,2160,8000,10000,86.00%,44.17%,86.00%,86.00%,86.00%,85.96%,85.80%,,,,,,,,,,,,,
54:57.8,1,2000,2174,10000,12000,87.00%,29.48%,87.00%,87.00%,87.00%,86.99%,87.00%,,,,,,,,,,,,,
12:00.7,2,2000,2174,10000,12000,86.50%,36.56%,86.50%,86.50%,86.50%,86.49%,86.75%,,,,,,,,,,,,,
29:04.1,3,2000,2174,10000,12000,88.25%,33.14%,88.25%,88.25%,88.25%,88.22%,87.25%,,,,,,,,,,,,,
46:08.3,4,2000,2174,10000,12000,89.00%,29.34%,89.00%,89.00%,89.00%,88.88%,87.69%,,,,,,,,,,,,,
03:12.2,5,2000,2174,10000,12000,87.00%,33.02%,87.00%,87.00%,87.00%,86.87%,87.55%,,,,,,,,,,,,,
20:23.1,1,2000,2179,12000,14000,91.50%,23.63%,91.50%,91.50%,91.50%,91.46%,91.50%,,,,,,,,,,,,,
37:29.1,2,2000,2179,12000,14000,88.50%,26.45%,88.50%,88.50%,88.50%,88.27%,90.00%,,,,,,,,,,,,,
54:35.3,3,2000,2179,12000,14000,91.00%,24.01%,91.00%,91.00%,91.00%,90.94%,90.33%,,,,,,,,,,,,,
11:41.3,4,2000,2179,12000,14000,90.50%,37.39%,90.50%,90.50%,90.50%,90.50%,90.38%,,,,,,,,,,,,,
28:48.0,5,2000,2179,12000,14000,91.50%,27.54%,91.50%,91.50%,91.50%,91.42%,90.60%,,,,,,,,,,,,,
45:57.9,1,2000,2174,14000,16000,89.75%,39.30%,89.75%,89.75%,89.75%,89.75%,89.75%,,,,,,,,,,,,,
03:03.0,2,2000,2174,14000,16000,90.00%,34.87%,90.00%,90.00%,90.00%,90.00%,89.87%,,,,,,,,,,,,,
20:07.0,3,2000,2174,14000,16000,90.00%,29.87%,90.00%,90.00%,90.00%,89.98%,89.92%,,,,,,,,,,,,,
37:11.7,4,2000,2174,14000,16000,84.25%,52.71%,84.25%,84.25%,84.25%,84.08%,88.50%,,,,,,,,,,,,,
54:17.2,5,2000,2174,14000,16000,89.50%,27.64%,89.50%,89.50%,89.50%,89.46%,88.70%,,,,,,,,,,,,,
11:06.1,1,2000,2119,16000,18000,89.25%,30.59%,89.25%,89.25%,89.25%,89.19%,89.25%,,,,,,,,,,,,,
28:19.0,2,2000,2119,16000,18000,91.00%,27.42%,91.00%,91.00%,91.00%,90.95%,90.13%,,,,,,,,,,,,,
45:02.1,3,2000,2119,16000,18000,90.75%,27.99%,90.75%,90.75%,90.75%,90.74%,90.33%,,,,,,,,,,,,,
01:45.2,4,2000,2119,16000,18000,90.00%,24.05%,90.00%,90.00%,90.00%,90.00%,90.25%,,,,,,,,,,,,,
18:29.4,5,2000,2119,16000,18000,91.50%,20.61%,91.50%,91.50%,91.50%,91.49%,90.50%,,,,,,,,,,,,,
35:37.6,1,2000,2165,18000,20000,86.25%,38.85%,86.25%,86.25%,86.25%,86.14%,86.25%,,,,,,,,,,,,,
52:39.8,2,2000,2165,18000,20000,86.00%,35.69%,86.00%,86.00%,86.00%,85.91%,86.13%,,,,,,,,,,,,,
09:43.1,3,2000,2165,18000,20000,88.50%,35.70%,88.50%,88.50%,88.50%,88.49%,86.92%,,,,,,,,,,,,,
26:46.8,4,2000,2165,18000,20000,90.00%,33.79%,90.00%,90.00%,90.00%,90.00%,87.69%,,,,,,,,,,,,,
43:48.4,5,2000,2165,18000,20000,87.00%,39.56%,87.00%,87.00%,87.00%,86.99%,87.55%,,,,,,,,,,,,,
00:51.9,1,2000,2155,20000,22000,87.25%,34.67%,87.25%,87.25%,87.25%,87.24%,87.25%,,,,,,,,,,,,,
17:51.4,2,2000,2155,20000,22000,89.50%,29.48%,89.50%,89.50%,89.50%,89.48%,88.37%,,,,,,,,,,,,,
34:48.8,3,2000,2155,20000,22000,88.25%,28.20%,88.25%,88.25%,88.25%,88.19%,88.33%,,,,,,,,,,,,,
51:47.8,4,2000,2155,20000,22000,87.00%,33.38%,87.00%,87.00%,87.00%,87.00%,88.00%,,,,,,,,,,,,,
08:46.6,5,2000,2155,20000,22000,89.25%,26.73%,89.25%,89.25%,89.25%,89.07%,88.25%,,,,,,,,,,,,,
25:57.3,1,2000,2173,22000,24000,86.25%,31.04%,86.25%,86.25%,86.25%,86.25%,86.25%,,,,,,,,,,,,,
43:03.1,2,2000,2173,22000,24000,83.25%,58.82%,83.25%,83.25%,83.25%,83.11%,84.75%,,,,,,,,,,,,,
00:10.2,3,2000,2173,22000,24000,91.25%,28.45%,91.25%,91.25%,91.25%,91.25%,86.92%,,,,,,,,,,,,,
17:15.7,4,2000,2173,22000,24000,90.25%,34.17%,90.25%,90.25%,90.25%,90.21%,87.75%,,,,,,,,,,,,,
34:21.6,5,2000,2173,22000,24000,89.50%,36.55%,89.50%,89.50%,89.50%,89.49%,88.10%,,,,,,,,,,,,,
51:36.5,1,2000,2179,24000,26000,91.50%,27.04%,91.50%,91.50%,91.50%,91.45%,91.50%,,,,,,,,,,,,,
08:46.4,2,2000,2179,24000,26000,89.50%,30.20%,89.50%,89.50%,89.50%,89.49%,90.50%,,,,,,,,,,,,,
25:54.5,3,2000,2179,24000,26000,91.75%,19.08%,91.75%,91.75%,91.75%,91.75%,90.92%,,,,,,,,,,,,,
43:03.4,4,2000,2179,24000,26000,80.50%,63.08%,80.50%,80.50%,80.50%,80.02%,88.31%,,,,,,,,,,,,,
00:12.4,5,2000,2179,24000,26000,89.50%,27.59%,89.50%,89.50%,89.50%,89.47%,88.55%,,,,,,,,,,,,,
17:18.9,1,2000,2165,26000,28000,87.25%,33.41%,87.25%,87.25%,87.25%,87.25%,87.25%,,,,,,,,,,,,,
34:16.8,2,2000,2165,26000,28000,86.25%,34.43%,86.25%,86.25%,86.25%,86.24%,86.75%,,,,,,,,,,,,,
51:18.3,3,2000,2165,26000,28000,86.00%,44.30%,86.00%,86.00%,86.00%,85.97%,86.50%,,,,,,,,,,,,,
08:18.0,4,2000,2165,26000,28000,88.25%,38.34%,88.25%,88.25%,88.25%,88.25%,86.94%,,,,,,,,,,,,,
25:16.4,5,2000,2165,26000,28000,86.00%,33.18%,86.00%,86.00%,86.00%,85.92%,86.75%,,,,,,,,,,,,,
42:25.0,1,2000,2155,28000,30000,80.50%,52.55%,80.50%,80.50%,80.50%,79.85%,80.50%,,,,,,,,,,,,,
59:27.6,2,2000,2155,28000,30000,88.50%,34.86%,88.50%,88.50%,88.50%,88.44%,84.50%,,,,,,,,,,,,,
16:32.0,3,2000,2155,28000,30000,85.50%,39.64%,85.50%,85.50%,85.50%,85.17%,84.83%,,,,,,,,,,,,,
33:38.2,4,2000,2155,28000,30000,89.75%,32.27%,89.75%,89.75%,89.75%,89.75%,86.06%,,,,,,,,,,,,,
50:43.4,5,2000,2155,28000,30000,89.75%,33.90%,89.75%,89.75%,89.75%,89.73%,86.80%,,,,,,,,,,,,,
08:01.3,1,2000,2169,30000,32000,89.50%,30.24%,89.50%,89.50%,89.50%,89.21%,89.50%,,,,,,,,,,,,,
25:12.5,2,2000,2169,30000,32000,89.50%,30.88%,89.50%,89.50%,89.50%,89.26%,89.50%,,,,,,,,,,,,,
42:25.1,3,2000,2169,30000,32000,89.50%,26.16%,89.50%,89.50%,89.50%,89.48%,89.50%,,,,,,,,,,,,,
59:37.0,4,2000,2169,30000,32000,90.00%,29.90%,90.00%,90.00%,90.00%,89.79%,89.62%,,,,,,,,,,,,,
16:48.7,5,2000,2169,30000,32000,91.00%,29.67%,91.00%,91.00%,91.00%,90.97%,89.90%,,,,,,,,,,,,,
34:05.2,1,2000,2169,32000,34000,89.00%,39.32%,89.00%,89.00%,89.00%,88.95%,89.00%,,,,,,,,,,,,,
51:17.0,2,2000,2169,32000,34000,83.25%,47.67%,83.25%,83.25%,83.25%,83.09%,86.12%,,,,,,,,,,,,,
08:29.1,3,2000,2169,32000,34000,90.50%,30.69%,90.50%,90.50%,90.50%,90.48%,87.58%,,,,,,,,,,,,,
25:42.0,4,2000,2169,32000,34000,88.25%,34.38%,88.25%,88.25%,88.25%,88.24%,87.75%,,,,,,,,,,,,,
42:53.5,5,2000,2169,32000,34000,86.50%,46.94%,86.50%,86.50%,86.50%,86.44%,87.50%,,,,,,,,,,,,,
00:11.9,1,2000,2170,34000,36000,89.00%,29.32%,89.00%,89.00%,89.00%,88.80%,89.00%,,,,,,,,,,,,,
18:03.9,2,2000,2170,34000,36000,88.75%,26.25%,88.75%,88.75%,88.75%,88.58%,88.87%,,,,,,,,,,,,,
37:21.4,3,2000,2170,34000,36000,88.50%,26.25%,88.50%,88.50%,88.50%,88.46%,88.75%,,,,,,,,,,,,,
56:37.1,4,2000,2170,34000,36000,90.75%,31.72%,90.75%,90.75%,90.75%,90.56%,89.25%,,,,,,,,,,,,,
13:46.7,5,2000,2170,34000,36000,85.50%,36.99%,85.50%,85.50%,85.50%,84.93%,88.50%,,,,,,,,,,,,,
30:58.5,1,2000,2151,36000,38000,83.50%,45.44%,83.50%,83.50%,83.50%,83.42%,83.50%,,,,,,,,,,,,,
48:03.2,2,2000,2151,36000,38000,89.50%,28.45%,89.50%,89.50%,89.50%,89.50%,86.50%,,,,,,,,,,,,,
05:07.1,3,2000,2151,36000,38000,87.25%,40.94%,87.25%,87.25%,87.25%,87.25%,86.75%,,,,,,,,,,,,,
22:12.7,4,2000,2151,36000,38000,85.50%,41.89%,85.50%,85.50%,85.50%,85.46%,86.44%,,,,,,,,,,,,,
39:17.3,5,2000,2151,36000,38000,90.00%,27.58%,90.00%,90.00%,90.00%,89.95%,87.15%,,,,,,,,,,,,,
56:28.4,1,2000,2153,38000,40000,87.00%,38.58%,87.00%,87.00%,87.00%,86.97%,87.00%,,,,,,,,,,,,,
13:34.2,2,2000,2153,38000,40000,85.75%,52.93%,85.75%,85.75%,85.75%,85.71%,86.38%,,,,,,,,,,,,,
30:38.6,3,2000,2153,38000,40000,90.25%,27.69%,90.25%,90.25%,90.25%,90.25%,87.67%,,,,,,,,,,,,,
47:44.7,4,2000,2153,38000,40000,86.75%,31.49%,86.75%,86.75%,86.75%,86.74%,87.44%,,,,,,,,,,,,,
04:51.1,5,2000,2153,38000,40000,73.00%,58.24%,73.00%,73.00%,73.00%,70.79%,84.55%,,,,,,,,,,,,,
22:05.1,1,2000,2161,40000,42000,87.25%,40.96%,87.25%,87.25%,87.25%,87.21%,87.25%,,,,,,,,,,,,,
39:13.4,2,2000,2161,40000,42000,82.75%,49.53%,82.75%,82.75%,82.75%,82.73%,85.00%,,,,,,,,,,,,,
56:23.1,3,2000,2161,40000,42000,86.75%,34.53%,86.75%,86.75%,86.75%,86.61%,85.58%,,,,,,,,,,,,,
13:31.0,4,2000,2161,40000,42000,83.75%,48.65%,83.75%,83.75%,83.75%,83.75%,85.12%,,,,,,,,,,,,,
30:39.2,5,2000,2161,40000,42000,87.25%,43.74%,87.25%,87.25%,87.25%,87.23%,85.55%,,,,,,,,,,,,,
47:50.6,1,2000,2153,42000,44000,93.00%,18.80%,93.00%,93.00%,93.00%,92.94%,93.00%,,,,,,,,,,,,,
04:58.4,2,2000,2153,42000,44000,87.75%,35.99%,87.75%,87.75%,87.75%,87.20%,90.38%,,,,,,,,,,,,,
22:03.2,3,2000,2153,42000,44000,88.50%,40.20%,88.50%,88.50%,88.50%,88.48%,89.75%,,,,,,,,,,,,,
39:08.4,4,2000,2153,42000,44000,85.50%,38.05%,85.50%,85.50%,85.50%,84.69%,88.69%,,,,,,,,,,,,,
56:14.4,5,2000,2153,42000,44000,90.00%,25.39%,90.00%,90.00%,90.00%,89.97%,88.95%,,,,,,,,,,,,,
14:19.7,1,2000,2176,44000,46000,85.25%,30.30%,85.25%,85.25%,85.25%,84.94%,85.25%,,,,,,,,,,,,,
33:35.7,2,2000,2176,44000,46000,87.00%,40.09%,87.00%,87.00%,87.00%,86.56%,86.13%,,,,,,,,,,,,,
52:23.0,3,2000,2176,44000,46000,86.00%,42.49%,86.00%,86.00%,86.00%,85.74%,86.08%,,,,,,,,,,,,,
09:41.3,4,2000,2176,44000,46000,89.00%,30.78%,89.00%,89.00%,89.00%,88.91%,86.81%,,,,,,,,,,,,,
26:58.2,5,2000,2176,44000,46000,88.50%,31.81%,88.50%,88.50%,88.50%,88.42%,87.15%,,,,,,,,,,,,,
44:16.4,1,2000,2163,46000,48000,88.75%,29.85%,88.75%,88.75%,88.75%,88.66%,88.75%,,,,,,,,,,,,,
01:27.8,2,2000,2163,46000,48000,89.00%,43.79%,89.00%,89.00%,89.00%,88.96%,88.87%,,,,,,,,,,,,,
18:40.0,3,2000,2163,46000,48000,87.75%,30.62%,87.75%,87.75%,87.75%,87.74%,88.50%,,,,,,,,,,,,,
35:55.7,4,2000,2163,46000,48000,86.00%,39.30%,86.00%,86.00%,86.00%,86.00%,87.87%,,,,,,,,,,,,,
55:09.0,5,2000,2163,46000,48000,89.25%,32.31%,89.25%,89.25%,89.25%,89.22%,88.15%,,,,,,,,,,,,,
14:37.4,1,2000,2181,48000,50000,86.75%,33.19%,86.75%,86.75%,86.75%,86.67%,86.75%,,,,,,,,,,,,,
33:00.9,2,2000,2181,48000,50000,89.75%,29.32%,89.75%,89.75%,89.75%,89.72%,88.25%,,,,,,,,,,,,,
50:19.4,3,2000,2181,48000,50000,83.00%,43.88%,83.00%,83.00%,83.00%,82.33%,86.50%,,,,,,,,,,,,,
07:38.7,4,2000,2181,48000,50000,89.50%,28.14%,89.50%,89.50%,89.50%,89.47%,87.25%,,,,,,,,,,,,,
24:57.4,5,2000,2181,48000,50000,88.50%,35.32%,88.50%,88.50%,88.50%,88.50%,87.50%,,,,,,,,,,,,,
01:54.0,1,5000,5414,0,5000,91.90%,26.86%,91.90%,91.90%,91.90%,91.90%,91.90%,,,,,,,,,,,,,
43:37.2,2,5000,5414,0,5000,87.00%,33.89%,87.00%,87.00%,87.00%,86.74%,89.45%,,,,,,,,,,,,,
29:08.7,3,5000,5414,0,5000,90.20%,24.41%,90.20%,90.20%,90.20%,90.20%,89.70%,,,,,,,,,,,,,
10:54.0,4,5000,5414,0,5000,91.10%,23.88%,91.10%,91.10%,91.10%,91.09%,90.05%,,,,,,,,,,,,,
53:02.7,5,5000,5414,0,5000,92.10%,21.50%,92.10%,92.10%,92.10%,92.10%,90.46%,,,,,,,,,,,,,
38:09.6,1,5000,5389,5000,10000,89.00%,35.65%,89.00%,89.00%,89.00%,88.95%,89.00%,,,,,,,,,,,,,
21:41.3,2,5000,5389,5000,10000,89.40%,30.57%,89.40%,89.40%,89.40%,89.34%,89.20%,,,,,,,,,,,,,
03:12.0,3,5000,5389,5000,10000,89.40%,36.66%,89.40%,89.40%,89.40%,89.32%,89.27%,,,,,,,,,,,,,
44:48.3,4,5000,5389,5000,10000,88.90%,28.01%,88.90%,88.90%,88.90%,88.90%,89.17%,,,,,,,,,,,,,
26:33.6,5,5000,5389,5000,10000,90.00%,27.18%,90.00%,90.00%,90.00%,89.99%,89.34%,,,,,,,,,,,,,
08:30.3,1,5000,5423,10000,15000,87.40%,40.45%,87.40%,87.40%,87.40%,87.37%,87.40%,,,,,,,,,,,,,
50:40.2,2,5000,5423,10000,15000,86.10%,55.89%,86.10%,86.10%,86.10%,86.05%,86.75%,,,,,,,,,,,,,
32:48.4,3,5000,5423,10000,15000,90.10%,30.34%,90.10%,90.10%,90.10%,90.08%,87.87%,,,,,,,,,,,,,
19:26.4,4,5000,5423,10000,15000,89.10%,34.13%,89.10%,89.10%,89.10%,89.10%,88.18%,,,,,,,,,,,,,
01:25.2,5,5000,5423,10000,15000,89.80%,27.67%,89.80%,89.80%,89.80%,89.76%,88.50%,,,,,,,,,,,,,
43:33.2,1,5000,5436,15000,20000,88.90%,27.84%,88.90%,88.90%,88.90%,88.88%,88.90%,,,,,,,,,,,,,
25:24.8,2,5000,5436,15000,20000,90.00%,27.62%,90.00%,90.00%,90.00%,90.00%,89.45%,,,,,,,,,,,,,
07:15.1,3,5000,5436,15000,20000,89.00%,27.62%,89.00%,89.00%,89.00%,88.99%,89.30%,,,,,,,,,,,,,
49:02.4,4,5000,5436,15000,20000,88.80%,31.22%,88.80%,88.80%,88.80%,88.76%,89.17%,,,,,,,,,,,,,
30:50.9,5,5000,5436,15000,20000,90.50%,29.59%,90.50%,90.50%,90.50%,90.50%,89.44%,,,,,,,,,,,,,
12:46.9,1,5000,5442,20000,25000,86.20%,41.09%,86.20%,86.20%,86.20%,86.01%,86.20%,,,,,,,,,,,,,
54:32.9,2,5000,5442,20000,25000,91.70%,27.58%,91.70%,91.70%,91.70%,91.70%,88.95%,,,,,,,,,,,,,
38:07.3,3,5000,5442,20000,25000,90.70%,26.02%,90.70%,90.70%,90.70%,90.70%,89.53%,,,,,,,,,,,,,
22:37.6,4,5000,5442,20000,25000,89.80%,26.16%,89.80%,89.80%,89.80%,89.80%,89.60%,,,,,,,,,,,,,
04:34.9,5,5000,5442,20000,25000,91.60%,22.88%,91.60%,91.60%,91.60%,91.60%,90.00%,,,,,,,,,,,,,
46:21.6,1,5000,5430,25000,30000,91.50%,31.58%,91.50%,91.50%,91.50%,91.48%,91.50%,,,,,,,,,,,,,
32:51.9,2,5000,5430,25000,30000,87.10%,33.96%,87.10%,87.10%,87.10%,86.91%,89.30%,,,,,,,,,,,,,
15:10.1,3,5000,5430,25000,30000,91.00%,29.55%,91.00%,91.00%,91.00%,90.97%,89.87%,,,,,,,,,,,,,
56:45.5,4,5000,5430,25000,30000,90.50%,25.83%,90.50%,90.50%,90.50%,90.46%,90.03%,,,,,,,,,,,,,
38:32.0,5,5000,5430,25000,30000,91.20%,26.22%,91.20%,91.20%,91.20%,91.17%,90.26%,,,,,,,,,,,,,
20:49.0,1,5000,5455,30000,35000,88.90%,32.20%,88.90%,88.90%,88.90%,88.89%,88.90%,,,,,,,,,,,,,
03:01.0,2,5000,5455,30000,35000,89.30%,26.75%,89.30%,89.30%,89.30%,89.29%,89.10%,,,,,,,,,,,,,
45:10.1,3,5000,5455,30000,35000,87.00%,41.61%,87.00%,87.00%,87.00%,86.80%,88.40%,,,,,,,,,,,,,
28:26.5,4,5000,5455,30000,35000,88.40%,37.71%,88.40%,88.40%,88.40%,88.36%,88.40%,,,,,,,,,,,,,
13:49.0,5,5000,5455,30000,35000,89.10%,25.12%,89.10%,89.10%,89.10%,89.10%,88.54%,,,,,,,,,,,,,
55:21.7,1,5000,5392,35000,40000,88.50%,37.40%,88.50%,88.50%,88.50%,88.47%,88.50%,,,,,,,,,,,,,
36:43.7,2,5000,5392,35000,40000,87.50%,34.08%,87.50%,87.50%,87.50%,87.44%,88.00%,,,,,,,,,,,,,
18:22.4,3,5000,5392,35000,40000,89.30%,29.26%,89.30%,89.30%,89.30%,89.30%,88.43%,,,,,,,,,,,,,
00:05.9,4,5000,5392,35000,40000,90.10%,29.72%,90.10%,90.10%,90.10%,90.10%,88.85%,,,,,,,,,,,,,
41:43.7,5,5000,5392,35000,40000,88.50%,33.14%,88.50%,88.50%,88.50%,88.44%,88.78%,,,,,,,,,,,,,
23:25.8,1,5000,5373,40000,45000,90.10%,39.14%,90.10%,90.10%,90.10%,90.10%,90.10%,,,,,,,,,,,,,
04:51.7,2,5000,5373,40000,45000,88.60%,35.87%,88.60%,88.60%,88.60%,88.56%,89.35%,,,,,,,,,,,,,
46:29.8,3,5000,5373,40000,45000,90.30%,33.44%,90.30%,90.30%,90.30%,90.30%,89.67%,,,,,,,,,,,,,
30:46.3,4,5000,5373,40000,45000,89.50%,27.49%,89.50%,89.50%,89.50%,89.50%,89.62%,,,,,,,,,,,,,
11:58.1,5,5000,5373,40000,45000,89.10%,30.36%,89.10%,89.10%,89.10%,89.10%,89.52%,,,,,,,,,,,,,
53:44.8,1,5000,5426,45000,50000,88.40%,35.74%,88.40%,88.40%,88.40%,88.40%,88.40%,,,,,,,,,,,,,
35:25.2,2,5000,5426,45000,50000,89.50%,29.86%,89.50%,89.50%,89.50%,89.50%,88.95%,,,,,,,,,,,,,
17:17.6,3,5000,5426,45000,50000,88.10%,34.27%,88.10%,88.10%,88.10%,88.04%,88.67%,,,,,,,,,,,,,
58:49.1,4,5000,5426,45000,50000,88.20%,25.62%,88.20%,88.20%,88.20%,88.20%,88.55%,,,,,,,,,,,,,
40:07.6,5,5000,5426,45000,50000,89.00%,29.87%,89.00%,89.00%,89.00%,89.00%,88.64%,,,,,,,,,,,,,
,,,,,,,,,,,,,,,,,,,,,,,,,
2022-09-30 20:22:45.520260,1,10000,10810,0,10000,91.30%,28.68%,91.30%,91.30%,91.30%,91.30%,91.30%
2022-09-30 21:55:20.727008,2,10000,10810,0,10000,90.95%,23.29%,90.95%,90.95%,90.95%,90.94%,91.12%
2022-09-30 23:27:40.795638,3,10000,10810,0,10000,91.15%,28.24%,91.15%,91.15%,91.15%,91.15%,91.13%
2022-10-01 01:00:08.199891,4,10000,10810,0,10000,90.40%,28.40%,90.40%,90.40%,90.40%,90.39%,90.95%
2022-10-01 02:32:52.268300,5,10000,10810,0,10000,89.90%,32.14%,89.90%,89.90%,89.90%,89.90%,90.74%
2022-10-01 04:05:32.798815,1,10000,10815,10000,20000,89.80%,35.51%,89.80%,89.80%,89.80%,89.79%,89.80%
2022-10-01 05:38:05.354625,2,10000,10815,10000,20000,89.55%,32.86%,89.55%,89.55%,89.55%,89.55%,89.68%
2022-10-01 07:10:33.152667,3,10000,10815,10000,20000,89.85%,36.45%,89.85%,89.85%,89.85%,89.85%,89.73%
2022-10-01 08:42:56.355356,4,10000,10815,10000,20000,87.50%,38.19%,87.50%,87.50%,87.50%,87.35%,89.18%
2022-10-01 10:15:20.949420,5,10000,10815,10000,20000,90.90%,25.11%,90.90%,90.90%,90.90%,90.88%,89.52%
2022-10-01 11:48:04.291102,1,10000,10826,20000,30000,91.50%,26.31%,91.50%,91.50%,91.50%,91.50%,91.50%
2022-10-01 13:20:38.116587,2,10000,10826,20000,30000,90.85%,23.41%,90.85%,90.85%,90.85%,90.85%,91.18%
2022-10-01 14:53:11.728678,3,10000,10826,20000,30000,89.85%,30.01%,89.85%,89.85%,89.85%,89.82%,90.73%
2022-10-01 16:25:44.114607,4,10000,10826,20000,30000,91.85%,23.16%,91.85%,91.85%,91.85%,91.84%,91.01%
2022-10-01 17:58:14.190992,5,10000,10826,20000,30000,90.90%,24.13%,90.90%,90.90%,90.90%,90.90%,90.99%
2022-10-01 19:31:08.721294,1,10000,10853,30000,40000,89.50%,30.70%,89.50%,89.50%,89.50%,89.49%,89.50%
2022-10-01 21:03:57.416554,2,10000,10853,30000,40000,89.80%,30.43%,89.80%,89.80%,89.80%,89.80%,89.65%
