date,numbers,number of full data,number of train data,start,end,acc,loss,recall,precision,F1_micro,F1_macro,average_acc
2022-01-07 14:56:06.492339,1,1000,600,0,1000,47.50%,69.76%,47.50%,47.50%,47.50%,32.20%,47.50%
2022-01-07 14:56:19.615242,2,1000,600,0,1000,68.50%,63.11%,68.50%,68.50%,68.50%,67.82%,58.00%
2022-01-07 14:56:28.138175,3,1000,600,0,1000,47.50%,69.57%,47.50%,47.50%,47.50%,32.20%,54.50%
2022-01-07 14:56:41.928306,4,1000,600,0,1000,57.50%,65.08%,57.50%,57.50%,57.50%,51.37%,55.25%
2022-01-07 14:56:52.370675,5,1000,600,0,1000,47.50%,70.60%,47.50%,47.50%,47.50%,32.20%,53.70%
2022-01-07 14:57:00.049417,6,1000,600,0,1000,47.50%,69.66%,47.50%,47.50%,47.50%,32.20%,52.67%
2022-01-07 14:57:17.607425,7,1000,600,0,1000,74.00%,56.14%,74.00%,74.00%,74.00%,73.96%,55.71%
2022-01-07 14:57:27.125720,8,1000,600,0,1000,47.50%,69.33%,47.50%,47.50%,47.50%,32.20%,54.69%
2022-01-07 14:57:35.328581,9,1000,600,0,1000,47.50%,69.63%,47.50%,47.50%,47.50%,32.20%,53.89%
2022-01-07 14:57:44.857211,10,1000,600,0,1000,49.00%,69.30%,49.00%,49.00%,49.00%,35.31%,53.40%
2022-01-07 14:57:53.883157,1,1000,600,1000,2000,62.50%,71.68%,62.50%,62.50%,62.50%,57.76%,62.50%
2022-01-07 14:58:04.159489,2,1000,600,1000,2000,75.50%,53.40%,75.50%,75.50%,75.50%,75.48%,69.00%
2022-01-07 14:58:13.087575,3,1000,600,1000,2000,72.50%,60.26%,72.50%,72.50%,72.50%,72.47%,70.17%
2022-01-07 14:58:21.362704,4,1000,600,1000,2000,61.50%,67.45%,61.50%,61.50%,61.50%,61.22%,68.00%
2022-01-07 14:58:29.542560,5,1000,600,1000,2000,62.00%,66.97%,62.00%,62.00%,62.00%,61.24%,66.80%
2022-01-07 14:58:37.818438,6,1000,600,1000,2000,64.00%,67.04%,64.00%,64.00%,64.00%,63.56%,66.33%
2022-01-07 14:58:46.555854,7,1000,600,1000,2000,69.50%,62.60%,69.50%,69.50%,69.50%,69.46%,66.79%
2022-01-07 14:58:55.647147,8,1000,600,1000,2000,71.50%,60.34%,71.50%,71.50%,71.50%,71.44%,67.37%
2022-01-07 14:59:06.069511,9,1000,600,1000,2000,74.00%,50.41%,74.00%,74.00%,74.00%,73.96%,68.11%
2022-01-07 14:59:15.858779,10,1000,600,1000,2000,70.00%,64.77%,70.00%,70.00%,70.00%,69.70%,68.30%
2022-01-07 14:59:29.559811,1,1000,600,2000,3000,71.00%,59.72%,71.00%,71.00%,71.00%,70.03%,71.00%
2022-01-07 14:59:40.805363,2,1000,600,2000,3000,61.00%,64.81%,61.00%,61.00%,61.00%,59.84%,66.00%
2022-01-07 14:59:52.389717,3,1000,600,2000,3000,61.00%,65.04%,61.00%,61.00%,61.00%,60.33%,64.33%
2022-01-07 15:00:03.060413,4,1000,600,2000,3000,58.50%,67.44%,58.50%,58.50%,58.50%,58.12%,62.87%
2022-01-07 15:00:13.757840,5,1000,600,2000,3000,67.50%,72.72%,67.50%,67.50%,67.50%,67.46%,63.80%
2022-01-07 15:00:22.209871,6,1000,600,2000,3000,54.50%,69.11%,54.50%,54.50%,54.50%,53.38%,62.25%
2022-01-07 15:00:36.056182,7,1000,600,2000,3000,70.50%,58.75%,70.50%,70.50%,70.50%,69.67%,63.43%
2022-01-07 15:00:43.610897,8,1000,600,2000,3000,53.50%,69.23%,53.50%,53.50%,53.50%,42.02%,62.19%
2022-01-07 15:00:54.698072,9,1000,600,2000,3000,62.50%,64.53%,62.50%,62.50%,62.50%,62.45%,62.22%
2022-01-07 15:01:05.979300,10,1000,600,2000,3000,68.00%,62.66%,68.00%,68.00%,68.00%,67.99%,62.80%
2022-01-07 15:01:13.757066,1,1000,600,3000,4000,53.00%,69.08%,53.00%,53.00%,53.00%,34.64%,53.00%
2022-01-07 15:01:21.974161,2,1000,600,3000,4000,53.00%,69.31%,53.00%,53.00%,53.00%,34.64%,53.00%
2022-01-07 15:01:29.176936,3,1000,600,3000,4000,53.00%,69.09%,53.00%,53.00%,53.00%,34.64%,53.00%
2022-01-07 15:01:36.125513,4,1000,600,3000,4000,53.00%,69.11%,53.00%,53.00%,53.00%,34.64%,53.00%
2022-01-07 15:01:43.804255,5,1000,600,3000,4000,53.00%,69.13%,53.00%,53.00%,53.00%,34.64%,53.00%
2022-01-07 15:01:51.107078,6,1000,600,3000,4000,53.00%,69.06%,53.00%,53.00%,53.00%,34.64%,53.00%
2022-01-07 15:01:58.367219,7,1000,600,3000,4000,53.00%,69.06%,53.00%,53.00%,53.00%,34.64%,53.00%
2022-01-07 15:02:05.642869,8,1000,600,3000,4000,53.00%,69.04%,53.00%,53.00%,53.00%,34.64%,53.00%
2022-01-07 15:02:12.672465,9,1000,600,3000,4000,53.00%,69.14%,53.00%,53.00%,53.00%,34.64%,53.00%
2022-01-07 15:02:29.089253,10,1000,600,3000,4000,73.00%,52.76%,73.00%,73.00%,73.00%,72.99%,55.00%
2022-01-07 15:02:38.215199,1,1000,600,4000,5000,77.50%,48.75%,77.50%,77.50%,77.50%,77.47%,77.50%
2022-01-07 15:02:47.255905,2,1000,600,4000,5000,74.50%,49.35%,74.50%,74.50%,74.50%,74.47%,76.00%
2022-01-07 15:02:55.416392,3,1000,600,4000,5000,72.00%,62.24%,72.00%,72.00%,72.00%,71.52%,74.67%
2022-01-07 15:03:01.636804,4,1000,600,4000,5000,49.00%,68.82%,49.00%,49.00%,49.00%,32.89%,68.25%
2022-01-07 15:03:09.888676,5,1000,600,4000,5000,75.50%,64.10%,75.50%,75.50%,75.50%,75.50%,69.70%
2022-01-07 15:03:18.630349,6,1000,600,4000,5000,77.50%,46.91%,77.50%,77.50%,77.50%,77.50%,71.00%
2022-01-07 15:03:27.333256,7,1000,600,4000,5000,74.50%,50.04%,74.50%,74.50%,74.50%,74.47%,71.50%
2022-01-07 15:03:33.427639,8,1000,600,4000,5000,49.50%,68.94%,49.50%,49.50%,49.50%,34.79%,68.75%
2022-01-07 15:03:41.686513,9,1000,600,4000,5000,75.00%,56.68%,75.00%,75.00%,75.00%,74.69%,69.44%
2022-01-07 15:03:50.196199,10,1000,600,4000,5000,76.00%,57.39%,76.00%,76.00%,76.00%,75.96%,70.10%
2022-01-07 15:03:59.391252,1,1000,600,5000,6000,76.00%,52.86%,76.00%,76.00%,76.00%,75.99%,76.00%
2022-01-07 15:04:08.123234,2,1000,600,5000,6000,75.50%,54.14%,75.50%,75.50%,75.50%,75.28%,75.75%
2022-01-07 15:04:16.595156,3,1000,600,5000,6000,67.50%,64.61%,67.50%,67.50%,67.50%,66.90%,73.00%
2022-01-07 15:04:25.558925,4,1000,600,5000,6000,73.50%,55.22%,73.50%,73.50%,73.50%,73.47%,73.13%
2022-01-07 15:04:33.966656,5,1000,600,5000,6000,73.50%,65.14%,73.50%,73.50%,73.50%,73.48%,73.20%
2022-01-07 15:04:44.092954,6,1000,600,5000,6000,75.50%,55.42%,75.50%,75.50%,75.50%,75.49%,73.58%
2022-01-07 15:04:52.411406,7,1000,600,5000,6000,74.00%,64.83%,74.00%,74.00%,74.00%,74.00%,73.64%
2022-01-07 15:05:00.987187,8,1000,600,5000,6000,72.00%,63.62%,72.00%,72.00%,72.00%,71.36%,73.44%
2022-01-07 15:05:09.561132,9,1000,600,5000,6000,59.50%,65.23%,59.50%,59.50%,59.50%,57.13%,71.89%
2022-01-07 15:05:19.025280,10,1000,600,5000,6000,77.50%,51.00%,77.50%,77.50%,77.50%,77.49%,72.45%
2022-01-07 15:05:29.340066,1,1000,600,6000,7000,68.50%,57.35%,68.50%,68.50%,68.50%,63.66%,68.50%
2022-01-07 15:05:35.645432,2,1000,600,6000,7000,50.50%,68.68%,50.50%,50.50%,50.50%,49.95%,59.50%
2022-01-07 15:05:45.704714,3,1000,600,6000,7000,71.00%,67.75%,71.00%,71.00%,71.00%,70.03%,63.33%
2022-01-07 15:05:51.828463,4,1000,600,6000,7000,56.50%,68.75%,56.50%,56.50%,56.50%,37.14%,61.62%
2022-01-07 15:05:58.437370,5,1000,600,6000,7000,56.00%,68.85%,56.00%,56.00%,56.00%,35.90%,60.50%
2022-01-07 15:06:04.527752,6,1000,600,6000,7000,55.50%,68.85%,55.50%,55.50%,55.50%,35.69%,59.67%
2022-01-07 15:06:10.696152,7,1000,600,6000,7000,51.00%,68.64%,51.00%,51.00%,51.00%,49.71%,58.43%
2022-01-07 15:06:20.739993,8,1000,600,6000,7000,72.00%,69.34%,72.00%,72.00%,72.00%,70.71%,60.13%
2022-01-07 15:06:27.217463,9,1000,600,6000,7000,56.00%,68.81%,56.00%,56.00%,56.00%,35.90%,59.67%
2022-01-07 15:06:33.383862,10,1000,600,6000,7000,56.00%,68.69%,56.00%,56.00%,56.00%,35.90%,59.30%
2022-01-07 15:06:43.036271,1,1000,600,7000,8000,72.00%,60.38%,72.00%,72.00%,72.00%,71.97%,72.00%
2022-01-07 15:06:51.806091,2,1000,600,7000,8000,72.00%,56.47%,72.00%,72.00%,72.00%,71.82%,72.00%
2022-01-07 15:07:00.717113,3,1000,600,7000,8000,70.00%,54.89%,70.00%,70.00%,70.00%,68.47%,71.33%
2022-01-07 15:07:10.631363,4,1000,600,7000,8000,68.00%,59.40%,68.00%,68.00%,68.00%,67.45%,70.50%
2022-01-07 15:07:16.802496,5,1000,600,7000,8000,53.50%,69.25%,53.50%,53.50%,53.50%,53.49%,67.10%
2022-01-07 15:07:25.859171,6,1000,600,7000,8000,71.00%,59.80%,71.00%,71.00%,71.00%,70.14%,67.75%
2022-01-07 15:07:34.696176,7,1000,600,7000,8000,68.00%,58.18%,68.00%,68.00%,68.00%,66.04%,67.79%
2022-01-07 15:07:40.922243,8,1000,600,7000,8000,59.50%,68.96%,59.50%,59.50%,59.50%,58.50%,66.75%
2022-01-07 15:07:50.085820,9,1000,600,7000,8000,70.00%,59.71%,70.00%,70.00%,70.00%,69.56%,67.11%
2022-01-07 15:08:00.768335,10,1000,600,7000,8000,66.00%,65.14%,66.00%,66.00%,66.00%,64.86%,67.00%
2022-01-07 15:08:13.088275,1,1000,600,8000,9000,58.00%,67.44%,58.00%,58.00%,58.00%,55.65%,58.00%
2022-01-07 15:08:24.265870,2,1000,600,8000,9000,63.00%,65.44%,63.00%,63.00%,63.00%,62.94%,60.50%
2022-01-07 15:08:35.164687,3,1000,600,8000,9000,59.00%,67.31%,59.00%,59.00%,59.00%,59.00%,60.00%
2022-01-07 15:08:46.427332,4,1000,600,8000,9000,61.50%,65.86%,61.50%,61.50%,61.50%,60.67%,60.37%
2022-01-07 15:08:59.376159,5,1000,600,8000,9000,62.00%,66.54%,62.00%,62.00%,62.00%,61.81%,60.70%
2022-01-07 15:09:10.024575,6,1000,600,8000,9000,57.00%,68.05%,57.00%,57.00%,57.00%,56.01%,60.08%
2022-01-07 15:09:21.380339,7,1000,600,8000,9000,62.00%,65.26%,62.00%,62.00%,62.00%,61.86%,60.36%
2022-01-07 15:09:33.017328,8,1000,600,8000,9000,60.50%,66.14%,60.50%,60.50%,60.50%,60.49%,60.37%
2022-01-07 15:09:44.893023,9,1000,600,8000,9000,60.50%,64.93%,60.50%,60.50%,60.50%,60.28%,60.39%
2022-01-07 15:09:52.676746,10,1000,600,8000,9000,50.50%,69.74%,50.50%,50.50%,50.50%,33.55%,59.40%
2022-01-07 15:10:00.838356,1,1000,600,9000,10000,74.50%,64.17%,74.50%,74.50%,74.50%,74.36%,74.50%
2022-01-07 15:10:09.077225,2,1000,600,9000,10000,73.50%,62.56%,73.50%,73.50%,73.50%,72.56%,74.00%
2022-01-07 15:10:16.877305,3,1000,600,9000,10000,75.00%,61.08%,75.00%,75.00%,75.00%,74.34%,74.33%
2022-01-07 15:10:24.661043,4,1000,600,9000,10000,75.50%,64.42%,75.50%,75.50%,75.50%,75.43%,74.63%
2022-01-07 15:10:32.675989,5,1000,600,9000,10000,75.00%,62.28%,75.00%,75.00%,75.00%,74.69%,74.70%
2022-01-07 15:10:40.443751,6,1000,600,9000,10000,75.00%,61.98%,75.00%,75.00%,75.00%,74.94%,74.75%
2022-01-07 15:10:48.394439,7,1000,600,9000,10000,79.00%,63.35%,79.00%,79.00%,79.00%,78.79%,75.36%
2022-01-07 15:10:56.632861,8,1000,600,9000,10000,76.00%,51.94%,76.00%,76.00%,76.00%,75.59%,75.44%
2022-01-07 15:11:04.482831,9,1000,600,9000,10000,74.50%,63.56%,74.50%,74.50%,74.50%,74.39%,75.33%
2022-01-07 15:11:12.478645,10,1000,600,9000,10000,79.00%,48.63%,79.00%,79.00%,79.00%,78.92%,75.70%
2022-01-07 15:11:23.125673,1,1000,600,10000,11000,78.50%,52.34%,78.50%,78.50%,78.50%,78.10%,78.50%
2022-01-07 15:11:34.869073,2,1000,600,10000,11000,82.00%,39.34%,82.00%,82.00%,82.00%,81.98%,80.25%
2022-01-07 15:11:45.570501,3,1000,600,10000,11000,78.00%,64.18%,78.00%,78.00%,78.00%,77.98%,79.50%
2022-01-07 15:11:56.423650,4,1000,600,10000,11000,78.00%,48.74%,78.00%,78.00%,78.00%,77.89%,79.12%
2022-01-07 15:12:05.770956,5,1000,600,10000,11000,77.00%,51.68%,77.00%,77.00%,77.00%,76.96%,78.70%
2022-01-07 15:12:15.057063,6,1000,600,10000,11000,74.00%,57.51%,74.00%,74.00%,74.00%,73.93%,77.92%
2022-01-07 15:12:24.360493,7,1000,600,10000,11000,71.50%,50.90%,71.50%,71.50%,71.50%,71.05%,77.00%
2022-01-07 15:12:35.355078,8,1000,600,10000,11000,79.50%,43.42%,79.50%,79.50%,79.50%,79.50%,77.31%
2022-01-07 15:12:45.518384,9,1000,600,10000,11000,81.50%,46.53%,81.50%,81.50%,81.50%,81.48%,77.78%
2022-01-07 15:12:55.182726,10,1000,600,10000,11000,77.00%,47.16%,77.00%,77.00%,77.00%,76.40%,77.70%
2022-01-07 15:13:04.058586,1,1000,600,11000,12000,56.00%,68.75%,56.00%,56.00%,56.00%,35.90%,56.00%
2022-01-07 15:13:12.122416,2,1000,600,11000,12000,56.00%,68.83%,56.00%,56.00%,56.00%,35.90%,56.00%
2022-01-07 15:13:19.256035,3,1000,600,11000,12000,56.00%,68.92%,56.00%,56.00%,56.00%,35.90%,56.00%
2022-01-07 15:13:30.149507,4,1000,600,11000,12000,57.50%,66.75%,57.50%,57.50%,57.50%,57.45%,56.37%
2022-01-07 15:13:38.721452,5,1000,600,11000,12000,56.00%,68.56%,56.00%,56.00%,56.00%,35.90%,56.30%
2022-01-07 15:13:51.019025,6,1000,600,11000,12000,65.00%,59.96%,65.00%,65.00%,65.00%,63.83%,57.75%
2022-01-07 15:14:04.762341,7,1000,600,11000,12000,63.50%,62.21%,63.50%,63.50%,63.50%,61.37%,58.57%
2022-01-07 15:14:14.115463,8,1000,600,11000,12000,56.00%,68.78%,56.00%,56.00%,56.00%,35.90%,58.25%
2022-01-07 15:14:27.612870,9,1000,600,11000,12000,65.00%,62.67%,65.00%,65.00%,65.00%,64.08%,59.00%
2022-01-07 15:14:37.080015,10,1000,600,11000,12000,56.00%,68.83%,56.00%,56.00%,56.00%,35.90%,58.70%
2022-01-07 15:14:48.815677,1,1000,600,12000,13000,73.50%,54.62%,73.50%,73.50%,73.50%,72.85%,73.50%
2022-01-07 15:14:59.076007,2,1000,600,12000,13000,70.50%,53.90%,70.50%,70.50%,70.50%,69.57%,72.00%
2022-01-07 15:15:10.042400,3,1000,600,12000,13000,69.50%,57.91%,69.50%,69.50%,69.50%,69.09%,71.17%
2022-01-07 15:15:22.326189,4,1000,600,12000,13000,84.00%,42.13%,84.00%,84.00%,84.00%,83.99%,74.37%
2022-01-07 15:15:32.481492,5,1000,600,12000,13000,68.50%,58.07%,68.50%,68.50%,68.50%,67.38%,73.20%
2022-01-07 15:15:42.280098,6,1000,600,12000,13000,75.00%,53.42%,75.00%,75.00%,75.00%,74.34%,73.50%
2022-01-07 15:15:51.737244,7,1000,600,12000,13000,75.00%,51.94%,75.00%,75.00%,75.00%,74.98%,73.71%
2022-01-07 15:15:58.631809,8,1000,600,12000,13000,53.50%,68.90%,53.50%,53.50%,53.50%,34.85%,71.19%
2022-01-07 15:16:10.319640,9,1000,600,12000,13000,79.50%,44.78%,79.50%,79.50%,79.50%,79.44%,72.11%
2022-01-07 15:16:22.095536,10,1000,600,12000,13000,70.00%,55.60%,70.00%,70.00%,70.00%,69.11%,71.90%
2022-01-07 15:16:38.466251,1,1000,600,13000,14000,60.00%,65.56%,60.00%,60.00%,60.00%,59.31%,60.00%
2022-01-07 15:16:52.785911,2,1000,600,13000,14000,56.50%,66.66%,56.50%,56.50%,56.50%,54.59%,58.25%
2022-01-07 15:17:09.541305,3,1000,600,13000,14000,70.50%,60.74%,70.50%,70.50%,70.50%,69.45%,62.33%
2022-01-07 15:17:23.703892,4,1000,600,13000,14000,61.50%,66.34%,61.50%,61.50%,61.50%,58.10%,62.13%
2022-01-07 15:17:40.133031,5,1000,600,13000,14000,74.50%,53.03%,74.50%,74.50%,74.50%,73.95%,64.60%
2022-01-07 15:17:54.285028,6,1000,600,13000,14000,64.50%,64.86%,64.50%,64.50%,64.50%,64.43%,64.58%
2022-01-07 15:18:08.763312,7,1000,600,13000,14000,67.50%,62.44%,67.50%,67.50%,67.50%,67.48%,65.00%
2022-01-07 15:18:22.520162,8,1000,600,13000,14000,68.00%,62.51%,68.00%,68.00%,68.00%,67.97%,65.38%
2022-01-07 15:18:35.544117,9,1000,600,13000,14000,57.00%,66.84%,57.00%,57.00%,57.00%,56.26%,64.44%
2022-01-07 15:18:48.018377,10,1000,600,13000,14000,64.00%,62.79%,64.00%,64.00%,64.00%,64.00%,64.40%
2022-01-07 15:18:58.957301,1,1000,600,14000,15000,76.50%,51.71%,76.50%,76.50%,76.50%,76.24%,76.50%
2022-01-07 15:19:10.447519,2,1000,600,14000,15000,78.50%,54.28%,78.50%,78.50%,78.50%,78.50%,77.50%
2022-01-07 15:19:21.954892,3,1000,600,14000,15000,79.50%,49.76%,79.50%,79.50%,79.50%,78.85%,78.17%
2022-01-07 15:19:33.779575,4,1000,600,14000,15000,78.00%,49.21%,78.00%,78.00%,78.00%,77.98%,78.12%
2022-01-07 15:19:43.365376,5,1000,600,14000,15000,71.00%,61.51%,71.00%,71.00%,71.00%,71.00%,76.70%
2022-01-07 15:19:52.855315,6,1000,600,14000,15000,71.50%,58.78%,71.50%,71.50%,71.50%,70.49%,75.83%
2022-01-07 15:20:04.625986,7,1000,600,14000,15000,75.50%,58.11%,75.50%,75.50%,75.50%,75.45%,75.79%
2022-01-07 15:20:16.671656,8,1000,600,14000,15000,76.00%,61.82%,76.00%,76.00%,76.00%,74.78%,75.81%
2022-01-07 15:20:27.110655,9,1000,600,14000,15000,64.50%,64.62%,64.50%,64.50%,64.50%,62.78%,74.56%
2022-01-07 15:20:37.274961,10,1000,600,14000,15000,58.50%,65.65%,58.50%,58.50%,58.50%,44.29%,72.95%
2022-01-07 15:20:44.466593,1,1000,600,15000,16000,47.50%,69.87%,47.50%,47.50%,47.50%,32.20%,47.50%
2022-01-07 15:20:51.224153,2,1000,600,15000,16000,47.50%,69.82%,47.50%,47.50%,47.50%,32.20%,47.50%
2022-01-07 15:20:57.895553,3,1000,600,15000,16000,47.50%,69.69%,47.50%,47.50%,47.50%,32.20%,47.50%
2022-01-07 15:21:05.091186,4,1000,600,15000,16000,47.50%,70.00%,47.50%,47.50%,47.50%,32.20%,47.50%
2022-01-07 15:21:12.018759,5,1000,600,15000,16000,47.50%,70.02%,47.50%,47.50%,47.50%,32.20%,47.50%
2022-01-07 15:21:19.088362,6,1000,600,15000,16000,47.50%,69.58%,47.50%,47.50%,47.50%,32.20%,47.50%
2022-01-07 15:21:25.562832,7,1000,600,15000,16000,47.50%,69.90%,47.50%,47.50%,47.50%,32.20%,47.50%
2022-01-07 15:21:32.622433,8,1000,600,15000,16000,47.50%,69.87%,47.50%,47.50%,47.50%,32.20%,47.50%
2022-01-07 15:21:39.472988,9,1000,600,15000,16000,47.50%,69.83%,47.50%,47.50%,47.50%,32.20%,47.50%
2022-01-07 15:21:46.388557,10,1000,600,15000,16000,47.50%,69.82%,47.50%,47.50%,47.50%,32.20%,47.50%
2022-01-07 15:21:56.727903,1,1000,600,16000,17000,54.50%,64.91%,54.50%,54.50%,54.50%,54.36%,54.50%
2022-01-07 15:22:06.648154,2,1000,600,16000,17000,52.00%,68.81%,52.00%,52.00%,52.00%,51.76%,53.25%
2022-01-07 15:22:16.500390,3,1000,600,16000,17000,52.00%,67.23%,52.00%,52.00%,52.00%,51.96%,52.83%
2022-01-07 15:22:26.058560,4,1000,600,16000,17000,51.50%,68.15%,51.50%,51.50%,51.50%,51.50%,52.50%
2022-01-07 15:22:35.277651,5,1000,600,16000,17000,56.00%,67.88%,56.00%,56.00%,56.00%,55.36%,53.20%
2022-01-07 15:22:45.119884,6,1000,600,16000,17000,50.00%,68.66%,50.00%,50.00%,50.00%,49.95%,52.67%
2022-01-07 15:22:54.840090,7,1000,600,16000,17000,55.00%,65.37%,55.00%,55.00%,55.00%,55.00%,53.00%
2022-01-07 15:23:04.633312,8,1000,600,16000,17000,53.00%,66.39%,53.00%,53.00%,53.00%,52.96%,53.00%
2022-01-07 15:23:14.150472,9,1000,600,16000,17000,52.00%,68.85%,52.00%,52.00%,52.00%,51.98%,52.89%
2022-01-07 15:23:24.212755,10,1000,600,16000,17000,57.50%,65.96%,57.50%,57.50%,57.50%,56.45%,53.35%
2022-01-07 15:23:33.676903,1,1000,600,17000,18000,64.00%,62.49%,64.00%,64.00%,64.00%,62.65%,64.00%
2022-01-07 15:23:42.519909,2,1000,600,17000,18000,63.50%,61.51%,63.50%,63.50%,63.50%,63.17%,63.75%
2022-01-07 15:23:51.368917,3,1000,600,17000,18000,64.00%,60.83%,64.00%,64.00%,64.00%,63.05%,63.83%
2022-01-07 15:24:00.168913,4,1000,600,17000,18000,62.50%,66.55%,62.50%,62.50%,62.50%,62.45%,63.50%
2022-01-07 15:24:09.673071,5,1000,600,17000,18000,60.00%,64.75%,60.00%,60.00%,60.00%,57.97%,62.80%
2022-01-07 15:24:18.503074,6,1000,600,17000,18000,66.00%,61.18%,66.00%,66.00%,66.00%,65.66%,63.33%
2022-01-07 15:24:27.367086,7,1000,600,17000,18000,64.50%,59.92%,64.50%,64.50%,64.50%,64.30%,63.50%
2022-01-07 15:24:35.898022,8,1000,600,17000,18000,70.50%,72.21%,70.50%,70.50%,70.50%,70.41%,64.37%
2022-01-07 15:24:42.657556,9,1000,600,17000,18000,49.50%,69.14%,49.50%,49.50%,49.50%,33.11%,62.72%
2022-01-07 15:24:52.092697,10,1000,600,17000,18000,63.50%,59.72%,63.50%,63.50%,63.50%,63.50%,62.80%
2022-01-07 15:24:58.788216,1,1000,600,18000,19000,42.50%,69.79%,42.50%,42.50%,42.50%,40.23%,42.50%
2022-01-07 15:25:05.043635,2,1000,600,18000,19000,44.00%,69.96%,44.00%,44.00%,44.00%,40.58%,43.25%
2022-01-07 15:25:11.277050,3,1000,600,18000,19000,42.50%,69.98%,42.50%,42.50%,42.50%,39.98%,43.00%
2022-01-07 15:25:17.324422,4,1000,600,18000,19000,42.50%,69.74%,42.50%,42.50%,42.50%,39.71%,42.88%
2022-01-07 15:25:23.608848,5,1000,600,18000,19000,42.00%,69.95%,42.00%,42.00%,42.00%,39.05%,42.70%
2022-01-07 15:25:29.925281,6,1000,600,18000,19000,45.00%,69.97%,45.00%,45.00%,45.00%,39.95%,43.08%
2022-01-07 15:25:35.996659,7,1000,600,18000,19000,43.00%,69.90%,43.00%,43.00%,43.00%,42.86%,43.07%
2022-01-07 15:25:42.037029,8,1000,600,18000,19000,43.50%,69.62%,43.50%,43.50%,43.50%,43.39%,43.13%
2022-01-07 15:25:48.280446,9,1000,600,18000,19000,43.00%,70.26%,43.00%,43.00%,43.00%,39.82%,43.11%
2022-01-07 15:25:54.291811,10,1000,600,18000,19000,43.50%,70.33%,43.50%,43.50%,43.50%,42.99%,43.15%
2022-01-07 15:26:05.431338,1,1000,600,19000,20000,69.50%,61.29%,69.50%,69.50%,69.50%,69.02%,69.50%
2022-01-07 15:26:17.589097,2,1000,600,19000,20000,72.00%,54.99%,72.00%,72.00%,72.00%,71.52%,70.75%
2022-01-07 15:26:30.434011,3,1000,600,19000,20000,78.00%,50.81%,78.00%,78.00%,78.00%,77.73%,73.17%
2022-01-07 15:26:43.045873,4,1000,600,19000,20000,63.00%,66.10%,63.00%,63.00%,63.00%,61.46%,70.62%
2022-01-07 15:26:57.675739,5,1000,600,19000,20000,77.00%,50.47%,77.00%,77.00%,77.00%,76.60%,71.90%
2022-01-07 15:27:09.091330,6,1000,600,19000,20000,72.00%,55.23%,72.00%,72.00%,72.00%,71.66%,71.92%
2022-01-07 15:27:16.463002,7,1000,600,19000,20000,50.50%,69.26%,50.50%,50.50%,50.50%,33.55%,68.86%
2022-01-07 15:27:29.191891,8,1000,600,19000,20000,74.50%,50.72%,74.50%,74.50%,74.50%,73.79%,69.56%
2022-01-07 15:27:40.690501,9,1000,600,19000,20000,67.50%,66.13%,67.50%,67.50%,67.50%,66.35%,69.33%
2022-01-07 15:27:47.414025,10,1000,600,19000,20000,63.50%,69.23%,63.50%,63.50%,63.50%,63.09%,68.75%
2022-01-07 15:27:58.978650,1,1000,600,20000,21000,77.50%,62.38%,77.50%,77.50%,77.50%,77.47%,77.50%
2022-01-07 15:28:09.120033,2,1000,600,20000,21000,68.50%,63.05%,68.50%,68.50%,68.50%,67.62%,73.00%
2022-01-07 15:28:18.813539,3,1000,600,20000,21000,68.50%,61.57%,68.50%,68.50%,68.50%,68.46%,71.50%
2022-01-07 15:28:29.950067,4,1000,600,20000,21000,72.50%,63.14%,72.50%,72.50%,72.50%,72.38%,71.75%
2022-01-07 15:28:40.091181,5,1000,600,20000,21000,73.50%,63.50%,73.50%,73.50%,73.50%,73.42%,72.10%
2022-01-07 15:28:50.223481,6,1000,600,20000,21000,68.50%,61.70%,68.50%,68.50%,68.50%,67.50%,71.50%
2022-01-07 15:29:00.119510,7,1000,600,20000,21000,71.50%,61.44%,71.50%,71.50%,71.50%,71.34%,71.50%
2022-01-07 15:29:11.513497,8,1000,600,20000,21000,70.50%,61.12%,70.50%,70.50%,70.50%,70.41%,71.37%
2022-01-07 15:29:21.727815,9,1000,600,20000,21000,74.00%,61.17%,74.00%,74.00%,74.00%,73.96%,71.67%
2022-01-07 15:29:32.738930,10,1000,600,20000,21000,78.00%,50.66%,78.00%,78.00%,78.00%,77.56%,72.30%
2022-01-07 15:29:43.181922,1,1000,600,21000,22000,63.50%,64.24%,63.50%,63.50%,63.50%,63.39%,63.50%
2022-01-07 15:29:54.010379,2,1000,600,21000,22000,65.00%,65.61%,65.00%,65.00%,65.00%,62.02%,64.25%
2022-01-07 15:30:04.756101,3,1000,600,21000,22000,60.50%,65.49%,60.50%,60.50%,60.50%,56.15%,63.00%
2022-01-07 15:30:15.696929,4,1000,600,21000,22000,72.50%,54.87%,72.50%,72.50%,72.50%,72.19%,65.38%
2022-01-07 15:30:26.845459,5,1000,600,21000,22000,72.50%,55.50%,72.50%,72.50%,72.50%,72.38%,66.80%
2022-01-07 15:30:38.189945,6,1000,600,21000,22000,69.00%,56.26%,69.00%,69.00%,69.00%,67.42%,67.17%
2022-01-07 15:30:48.573559,7,1000,600,21000,22000,56.00%,65.11%,56.00%,56.00%,56.00%,40.53%,65.57%
2022-01-07 15:30:59.780103,8,1000,600,21000,22000,72.00%,56.33%,72.00%,72.00%,72.00%,71.36%,66.38%
2022-01-07 15:31:10.440145,9,1000,600,21000,22000,63.00%,64.35%,63.00%,63.00%,63.00%,59.60%,66.00%
2022-01-07 15:31:21.783082,10,1000,600,21000,22000,71.00%,63.53%,71.00%,71.00%,71.00%,68.90%,66.50%
2022-01-07 15:31:32.158436,1,1000,600,22000,23000,55.50%,66.37%,55.50%,55.50%,55.50%,47.27%,55.50%
2022-01-07 15:31:42.051361,2,1000,600,22000,23000,74.00%,62.79%,74.00%,74.00%,74.00%,73.93%,64.75%
2022-01-07 15:31:52.031442,3,1000,600,22000,23000,72.00%,64.76%,72.00%,72.00%,72.00%,71.93%,67.17%
2022-01-07 15:32:03.017936,4,1000,600,22000,23000,72.00%,52.54%,72.00%,72.00%,72.00%,70.58%,68.38%
2022-01-07 15:32:13.171500,5,1000,600,22000,23000,68.00%,64.92%,68.00%,68.00%,68.00%,68.00%,68.30%
2022-01-07 15:32:23.163689,6,1000,600,22000,23000,69.50%,62.58%,69.50%,69.50%,69.50%,69.50%,68.50%
2022-01-07 15:32:33.337997,7,1000,600,22000,23000,63.50%,65.39%,63.50%,63.50%,63.50%,62.82%,67.79%
2022-01-07 15:32:43.840276,8,1000,600,22000,23000,58.50%,66.99%,58.50%,58.50%,58.50%,52.12%,66.63%
2022-01-07 15:32:55.424850,9,1000,600,22000,23000,76.00%,49.29%,76.00%,76.00%,76.00%,75.85%,67.67%
2022-01-07 15:33:06.549374,10,1000,600,22000,23000,76.00%,47.22%,76.00%,76.00%,76.00%,75.99%,68.50%
2022-01-07 15:33:19.653234,1,1000,600,23000,24000,66.00%,65.27%,66.00%,66.00%,66.00%,66.00%,66.00%
2022-01-07 15:33:26.804411,2,1000,600,23000,24000,49.50%,69.50%,49.50%,49.50%,49.50%,33.11%,57.75%
2022-01-07 15:33:40.262465,3,1000,600,23000,24000,72.00%,57.27%,72.00%,72.00%,72.00%,71.26%,62.50%
2022-01-07 15:33:48.945384,4,1000,600,23000,24000,70.00%,69.19%,70.00%,70.00%,70.00%,69.40%,64.38%
2022-01-07 15:34:04.012663,5,1000,600,23000,24000,77.50%,47.89%,77.50%,77.50%,77.50%,77.50%,67.00%
2022-01-07 15:34:16.183424,6,1000,600,23000,24000,68.50%,61.31%,68.50%,68.50%,68.50%,68.40%,67.25%
2022-01-07 15:34:31.224009,7,1000,600,23000,24000,71.00%,58.32%,71.00%,71.00%,71.00%,70.42%,67.79%
2022-01-07 15:34:46.307432,8,1000,600,23000,24000,77.00%,50.88%,77.00%,77.00%,77.00%,76.77%,68.94%
2022-01-07 15:35:01.348943,9,1000,600,23000,24000,76.50%,55.80%,76.50%,76.50%,76.50%,76.33%,69.78%
2022-01-07 15:35:13.452690,10,1000,600,23000,24000,69.00%,62.45%,69.00%,69.00%,69.00%,67.27%,69.70%
2022-01-07 15:35:24.819539,1,1000,600,24000,25000,62.00%,65.65%,62.00%,62.00%,62.00%,61.94%,62.00%
2022-01-07 15:35:31.234389,2,1000,600,24000,25000,54.00%,69.07%,54.00%,54.00%,54.00%,37.83%,58.00%
2022-01-07 15:35:41.267667,3,1000,600,24000,25000,64.50%,64.74%,64.50%,64.50%,64.50%,64.49%,60.17%
2022-01-07 15:35:51.161422,4,1000,600,24000,25000,63.00%,66.71%,63.00%,63.00%,63.00%,62.46%,60.88%
2022-01-07 15:36:01.135550,5,1000,600,24000,25000,62.00%,66.12%,62.00%,62.00%,62.00%,61.86%,61.10%
2022-01-07 15:36:07.733047,6,1000,600,24000,25000,56.00%,69.13%,56.00%,56.00%,56.00%,54.35%,60.25%
2022-01-07 15:36:17.831338,7,1000,600,24000,25000,63.50%,66.48%,63.50%,63.50%,63.50%,63.17%,60.71%
2022-01-07 15:36:28.043445,8,1000,600,24000,25000,64.50%,65.75%,64.50%,64.50%,64.50%,64.10%,61.19%
2022-01-07 15:36:38.138669,9,1000,600,24000,25000,64.00%,65.00%,64.00%,64.00%,64.00%,63.99%,61.50%
2022-01-07 15:36:47.827868,10,1000,600,24000,25000,68.00%,63.67%,68.00%,68.00%,68.00%,67.97%,62.15%
2022-01-07 15:36:56.381670,1,1000,600,25000,26000,48.50%,69.84%,48.50%,48.50%,48.50%,32.66%,48.50%
2022-01-07 15:37:05.376712,2,1000,600,25000,26000,48.50%,70.81%,48.50%,48.50%,48.50%,32.66%,48.50%
2022-01-07 15:37:13.470548,3,1000,600,25000,26000,48.50%,69.97%,48.50%,48.50%,48.50%,32.66%,48.50%
2022-01-07 15:37:23.432744,4,1000,600,25000,26000,48.50%,70.79%,48.50%,48.50%,48.50%,32.66%,48.50%
2022-01-07 15:37:32.085732,5,1000,600,25000,26000,48.50%,70.52%,48.50%,48.50%,48.50%,32.66%,48.50%
2022-01-07 15:37:39.947517,6,1000,600,25000,26000,48.50%,69.77%,48.50%,48.50%,48.50%,32.66%,48.50%
2022-01-07 15:37:48.540466,7,1000,600,25000,26000,48.50%,70.40%,48.50%,48.50%,48.50%,32.66%,48.50%
2022-01-07 15:37:57.223918,8,1000,600,25000,26000,48.50%,70.59%,48.50%,48.50%,48.50%,32.66%,48.50%
2022-01-07 15:38:05.243922,9,1000,600,25000,26000,48.50%,70.25%,48.50%,48.50%,48.50%,32.66%,48.50%
2022-01-07 15:38:13.940348,10,1000,600,25000,26000,48.50%,70.60%,48.50%,48.50%,48.50%,32.66%,48.50%
2022-01-07 15:38:24.729796,1,1000,600,26000,27000,79.00%,45.08%,79.00%,79.00%,79.00%,78.99%,79.00%
2022-01-07 15:38:33.747486,2,1000,600,26000,27000,72.00%,58.18%,72.00%,72.00%,72.00%,71.90%,75.50%
2022-01-07 15:38:42.310328,3,1000,600,26000,27000,59.50%,67.22%,59.50%,59.50%,59.50%,58.50%,70.17%
2022-01-07 15:38:51.352380,4,1000,600,26000,27000,74.00%,55.53%,74.00%,74.00%,74.00%,73.98%,71.13%
2022-01-07 15:39:00.560065,5,1000,600,26000,27000,74.00%,55.36%,74.00%,74.00%,74.00%,73.99%,71.70%
2022-01-07 15:39:09.443528,6,1000,600,26000,27000,68.50%,61.12%,68.50%,68.50%,68.50%,67.82%,71.17%
2022-01-07 15:39:18.249527,7,1000,600,26000,27000,70.50%,58.11%,70.50%,70.50%,70.50%,69.67%,71.07%
2022-01-07 15:39:27.161974,8,1000,600,26000,27000,69.00%,60.16%,69.00%,69.00%,69.00%,68.75%,70.81%
2022-01-07 15:39:35.658394,9,1000,600,26000,27000,61.00%,66.27%,61.00%,61.00%,61.00%,59.98%,69.72%
2022-01-07 15:39:44.225679,10,1000,600,26000,27000,61.50%,66.74%,61.50%,61.50%,61.50%,61.22%,68.90%
2022-01-07 15:39:58.286125,1,1000,600,27000,28000,72.50%,57.59%,72.50%,72.50%,72.50%,72.47%,72.50%
2022-01-07 15:40:10.771439,2,1000,600,27000,28000,74.50%,58.03%,74.50%,74.50%,74.50%,74.36%,73.50%
2022-01-07 15:40:17.510969,3,1000,600,27000,28000,52.00%,69.16%,52.00%,52.00%,52.00%,41.11%,66.33%
2022-01-07 15:40:24.925651,4,1000,600,27000,28000,48.00%,69.40%,48.00%,48.00%,48.00%,32.43%,61.75%
2022-01-07 15:40:35.769153,5,1000,600,27000,28000,61.00%,66.81%,61.00%,61.00%,61.00%,58.82%,61.60%
2022-01-07 15:40:46.262612,6,1000,600,27000,28000,69.00%,62.11%,69.00%,69.00%,69.00%,68.69%,62.83%
2022-01-07 15:40:52.981137,7,1000,600,27000,28000,52.50%,69.16%,52.50%,52.50%,52.50%,45.65%,61.36%
2022-01-07 15:41:06.277263,8,1000,600,27000,28000,70.50%,56.32%,70.50%,70.50%,70.50%,69.45%,62.50%
2022-01-07 15:41:13.470896,9,1000,600,27000,28000,52.00%,69.19%,52.00%,52.00%,52.00%,34.21%,61.33%
2022-01-07 15:41:20.987488,10,1000,600,27000,28000,48.00%,69.29%,48.00%,48.00%,48.00%,32.43%,60.00%
2022-01-07 15:41:31.297302,1,1000,600,28000,29000,77.00%,59.22%,77.00%,77.00%,77.00%,76.99%,77.00%
2022-01-07 15:41:38.228875,2,1000,600,28000,29000,55.50%,67.89%,55.50%,55.50%,55.50%,52.66%,66.25%
2022-01-07 15:41:45.876444,3,1000,600,28000,29000,55.00%,68.06%,55.00%,55.00%,55.00%,50.87%,62.50%
2022-01-07 15:41:56.189278,4,1000,600,28000,29000,77.00%,50.64%,77.00%,77.00%,77.00%,76.89%,66.12%
2022-01-07 15:42:04.648197,5,1000,600,28000,29000,58.50%,66.44%,58.50%,58.50%,58.50%,54.83%,64.60%
2022-01-07 15:42:12.873548,6,1000,600,28000,29000,58.00%,67.85%,58.00%,58.00%,58.00%,55.86%,63.50%
2022-01-07 15:42:21.238418,7,1000,600,28000,29000,60.50%,66.26%,60.50%,60.50%,60.50%,58.19%,63.07%
2022-01-07 15:42:28.444053,8,1000,600,28000,29000,56.00%,67.90%,56.00%,56.00%,56.00%,52.81%,62.19%
2022-01-07 15:42:35.752712,9,1000,600,28000,29000,55.00%,68.05%,55.00%,55.00%,55.00%,50.87%,61.39%
2022-01-07 15:42:42.778478,10,1000,600,28000,29000,55.00%,68.83%,55.00%,55.00%,55.00%,50.87%,60.75%
2022-01-07 15:42:51.992688,1,1000,600,29000,30000,72.50%,51.08%,72.50%,72.50%,72.50%,72.42%,72.50%
2022-01-07 15:43:02.419055,2,1000,600,29000,30000,78.00%,47.53%,78.00%,78.00%,78.00%,77.94%,75.25%
2022-01-07 15:43:11.771177,3,1000,600,29000,30000,77.50%,53.90%,77.50%,77.50%,77.50%,77.45%,76.00%
2022-01-07 15:43:20.894494,4,1000,600,29000,30000,71.50%,53.31%,71.50%,71.50%,71.50%,71.49%,74.87%
2022-01-07 15:43:29.537455,5,1000,600,29000,30000,72.00%,64.99%,72.00%,72.00%,72.00%,71.93%,74.30%
2022-01-07 15:43:38.685531,6,1000,600,29000,30000,75.00%,49.20%,75.00%,75.00%,75.00%,74.99%,74.42%
2022-01-07 15:43:48.729809,7,1000,600,29000,30000,81.00%,43.93%,81.00%,81.00%,81.00%,80.99%,75.36%
2022-01-07 15:43:57.513802,8,1000,600,29000,30000,70.00%,52.72%,70.00%,70.00%,70.00%,69.81%,74.69%
2022-01-07 15:44:06.131757,9,1000,600,29000,30000,68.00%,66.92%,68.00%,68.00%,68.00%,67.53%,73.94%
2022-01-07 15:44:15.149177,10,1000,600,29000,30000,70.50%,54.13%,70.50%,70.50%,70.50%,69.95%,73.60%
2022-01-07 15:44:24.428370,1,1000,600,30000,31000,69.00%,72.51%,69.00%,69.00%,69.00%,68.92%,69.00%
2022-01-07 15:44:33.615455,2,1000,600,30000,31000,63.50%,63.20%,63.50%,63.50%,63.50%,61.90%,66.25%
2022-01-07 15:44:42.553252,3,1000,600,30000,31000,63.50%,64.21%,63.50%,63.50%,63.50%,62.72%,65.33%
2022-01-07 15:44:51.109081,4,1000,600,30000,31000,56.50%,67.32%,56.50%,56.50%,56.50%,54.59%,63.12%
2022-01-07 15:45:00.394007,5,1000,600,30000,31000,62.50%,66.84%,62.50%,62.50%,62.50%,59.18%,63.00%
2022-01-07 15:45:09.416055,6,1000,600,30000,31000,72.00%,81.12%,72.00%,72.00%,72.00%,71.99%,64.50%
2022-01-07 15:45:18.285067,7,1000,600,30000,31000,65.00%,70.10%,65.00%,65.00%,65.00%,63.96%,64.57%
2022-01-07 15:45:27.072814,8,1000,600,30000,31000,63.50%,66.25%,63.50%,63.50%,63.50%,62.92%,64.44%
2022-01-07 15:45:35.478722,9,1000,600,30000,31000,57.00%,67.56%,57.00%,57.00%,57.00%,55.21%,63.61%
2022-01-07 15:45:44.377740,10,1000,600,30000,31000,60.50%,68.08%,60.50%,60.50%,60.50%,57.75%,63.30%
2022-01-07 15:45:54.837486,1,1000,600,31000,32000,77.50%,52.58%,77.50%,77.50%,77.50%,77.30%,77.50%
2022-01-07 15:46:03.915680,2,1000,600,31000,32000,73.00%,54.77%,73.00%,73.00%,73.00%,72.98%,75.25%
2022-01-07 15:46:12.543638,3,1000,600,31000,32000,67.00%,65.72%,67.00%,67.00%,67.00%,66.99%,72.50%
2022-01-07 15:46:18.815905,4,1000,600,31000,32000,50.00%,69.18%,50.00%,50.00%,50.00%,38.00%,66.88%
2022-01-07 15:46:27.710792,5,1000,600,31000,32000,69.00%,60.74%,69.00%,69.00%,69.00%,68.97%,67.30%
2022-01-07 15:46:34.056232,6,1000,600,31000,32000,53.00%,68.57%,53.00%,53.00%,53.00%,52.83%,64.92%
2022-01-07 15:46:40.392670,7,1000,600,31000,32000,55.50%,68.56%,55.50%,55.50%,55.50%,50.24%,63.57%
2022-01-07 15:46:48.824844,8,1000,600,31000,32000,66.00%,65.49%,66.00%,66.00%,66.00%,66.00%,63.88%
2022-01-07 15:46:57.584963,9,1000,600,31000,32000,76.50%,57.84%,76.50%,76.50%,76.50%,75.84%,65.28%
2022-01-07 15:47:07.072116,10,1000,600,31000,32000,72.00%,58.09%,72.00%,72.00%,72.00%,70.58%,65.95%
2022-01-07 15:47:15.682069,1,1000,600,32000,33000,71.50%,64.58%,71.50%,71.50%,71.50%,70.70%,71.50%
2022-01-07 15:47:24.908163,2,1000,600,32000,33000,73.00%,52.57%,73.00%,73.00%,73.00%,72.90%,72.25%
2022-01-07 15:47:33.667150,3,1000,600,32000,33000,71.50%,54.53%,71.50%,71.50%,71.50%,71.44%,72.00%
2022-01-07 15:47:42.380127,4,1000,600,32000,33000,71.00%,51.74%,71.00%,71.00%,71.00%,70.97%,71.75%
2022-01-07 15:47:50.972595,5,1000,600,32000,33000,70.00%,64.78%,70.00%,70.00%,70.00%,69.70%,71.40%
2022-01-07 15:47:59.452940,6,1000,600,32000,33000,74.50%,65.35%,74.50%,74.50%,74.50%,74.22%,71.92%
2022-01-07 15:48:08.021885,7,1000,600,32000,33000,72.50%,64.22%,72.50%,72.50%,72.50%,72.50%,72.00%
2022-01-07 15:48:17.041505,8,1000,600,32000,33000,71.50%,58.83%,71.50%,71.50%,71.50%,71.12%,71.94%
2022-01-07 15:48:25.290973,9,1000,600,32000,33000,73.00%,65.51%,73.00%,73.00%,73.00%,72.10%,72.06%
2022-01-07 15:48:33.561851,10,1000,600,32000,33000,72.50%,65.40%,72.50%,72.50%,72.50%,72.47%,72.10%
2022-01-07 15:48:46.864413,1,1000,600,33000,34000,69.50%,63.39%,69.50%,69.50%,69.50%,69.48%,69.50%
2022-01-07 15:48:59.292557,2,1000,600,33000,34000,75.50%,57.50%,75.50%,75.50%,75.50%,75.47%,72.50%
2022-01-07 15:49:12.048452,3,1000,600,33000,34000,73.00%,55.90%,73.00%,73.00%,73.00%,71.99%,72.67%
2022-01-07 15:49:23.443686,4,1000,600,33000,34000,66.00%,66.72%,66.00%,66.00%,66.00%,66.00%,71.00%
2022-01-07 15:49:32.301695,5,1000,600,33000,34000,57.50%,69.10%,57.50%,57.50%,57.50%,57.26%,68.30%
2022-01-07 15:49:43.981668,6,1000,600,33000,34000,73.00%,61.71%,73.00%,73.00%,73.00%,72.96%,69.08%
2022-01-07 15:49:55.141059,7,1000,600,33000,34000,54.50%,67.55%,54.50%,54.50%,54.50%,47.51%,67.00%
2022-01-07 15:50:07.500863,8,1000,600,33000,34000,74.00%,55.60%,74.00%,74.00%,74.00%,73.32%,67.88%
2022-01-07 15:50:19.976694,9,1000,600,33000,34000,73.50%,68.50%,73.50%,73.50%,73.50%,73.31%,68.50%
2022-01-07 15:50:31.319846,10,1000,600,33000,34000,73.50%,62.63%,73.50%,73.50%,73.50%,73.42%,69.00%
2022-01-07 15:50:42.437369,1,1000,600,34000,35000,69.50%,56.12%,69.50%,69.50%,69.50%,68.65%,69.50%
2022-01-07 15:50:53.190835,2,1000,600,34000,35000,71.50%,60.65%,71.50%,71.50%,71.50%,70.80%,70.50%
2022-01-07 15:51:03.912292,3,1000,600,34000,35000,70.50%,65.18%,70.50%,70.50%,70.50%,70.49%,70.50%
2022-01-07 15:51:13.606907,4,1000,600,34000,35000,72.50%,62.82%,72.50%,72.50%,72.50%,72.49%,71.00%
2022-01-07 15:51:23.709198,5,1000,600,34000,35000,67.50%,61.95%,67.50%,67.50%,67.50%,67.20%,70.30%
2022-01-07 15:51:35.672124,6,1000,600,34000,35000,72.00%,51.07%,72.00%,72.00%,72.00%,71.66%,70.58%
2022-01-07 15:51:46.041477,7,1000,600,34000,35000,71.50%,53.76%,71.50%,71.50%,71.50%,71.41%,70.71%
2022-01-07 15:51:57.511956,8,1000,600,34000,35000,74.00%,49.46%,74.00%,74.00%,74.00%,73.48%,71.12%
2022-01-07 15:52:06.861127,9,1000,600,34000,35000,72.50%,61.39%,72.50%,72.50%,72.50%,71.63%,71.28%
2022-01-07 15:52:18.602792,10,1000,600,34000,35000,76.50%,49.11%,76.50%,76.50%,76.50%,76.00%,71.80%
2022-01-07 15:52:27.794878,1,1000,600,35000,36000,67.50%,65.74%,67.50%,67.50%,67.50%,67.49%,67.50%
2022-01-07 15:52:36.873249,2,1000,600,35000,36000,74.00%,58.32%,74.00%,74.00%,74.00%,73.68%,70.75%
2022-01-07 15:52:45.487607,3,1000,600,35000,36000,63.00%,65.74%,63.00%,63.00%,63.00%,62.55%,68.17%
2022-01-07 15:52:54.259061,4,1000,600,35000,36000,65.50%,62.53%,65.50%,65.50%,65.50%,65.25%,67.50%
2022-01-07 15:53:02.927028,5,1000,600,35000,36000,65.50%,66.45%,65.50%,65.50%,65.50%,65.49%,67.10%
2022-01-07 15:53:11.415321,6,1000,600,35000,36000,66.00%,65.47%,66.00%,66.00%,66.00%,66.00%,66.92%
2022-01-07 15:53:19.691129,7,1000,600,35000,36000,68.50%,65.94%,68.50%,68.50%,68.50%,68.15%,67.14%
2022-01-07 15:53:27.978009,8,1000,600,35000,36000,58.50%,66.48%,58.50%,58.50%,58.50%,57.03%,66.06%
2022-01-07 15:53:36.180871,9,1000,600,35000,36000,63.00%,66.29%,63.00%,63.00%,63.00%,62.36%,65.72%
2022-01-07 15:53:44.922041,10,1000,600,35000,36000,61.50%,65.90%,61.50%,61.50%,61.50%,60.67%,65.30%
2022-01-07 15:53:54.363729,1,1000,600,36000,37000,56.00%,65.85%,56.00%,56.00%,56.00%,52.26%,56.00%
2022-01-07 15:54:03.547846,2,1000,600,36000,37000,69.50%,58.30%,69.50%,69.50%,69.50%,68.84%,62.75%
2022-01-07 15:54:12.174803,3,1000,600,36000,37000,63.50%,64.25%,63.50%,63.50%,63.50%,62.06%,63.00%
2022-01-07 15:54:22.203078,4,1000,600,36000,37000,74.00%,68.07%,74.00%,74.00%,74.00%,74.00%,65.75%
2022-01-07 15:54:30.514965,5,1000,600,36000,37000,70.50%,85.03%,70.50%,70.50%,70.50%,69.67%,66.70%
2022-01-07 15:54:39.185932,6,1000,600,36000,37000,75.00%,61.16%,75.00%,75.00%,75.00%,74.96%,68.08%
2022-01-07 15:54:47.386793,7,1000,600,36000,37000,66.00%,63.41%,66.00%,66.00%,66.00%,65.58%,67.79%
2022-01-07 15:54:55.801702,8,1000,600,36000,37000,66.50%,63.56%,66.50%,66.50%,66.50%,65.68%,67.63%
2022-01-07 15:55:04.120590,9,1000,600,36000,37000,59.00%,66.02%,59.00%,59.00%,59.00%,55.51%,66.67%
2022-01-07 15:55:12.761551,10,1000,600,36000,37000,70.50%,64.65%,70.50%,70.50%,70.50%,69.87%,67.05%
2022-01-07 15:55:23.254932,1,1000,600,37000,38000,77.50%,49.72%,77.50%,77.50%,77.50%,77.37%,77.50%
2022-01-07 15:55:32.092937,2,1000,600,37000,38000,72.00%,54.96%,72.00%,72.00%,72.00%,72.00%,74.75%
2022-01-07 15:55:41.141990,3,1000,600,37000,38000,71.00%,56.02%,71.00%,71.00%,71.00%,70.97%,73.50%
2022-01-07 15:55:49.630917,4,1000,600,37000,38000,72.50%,57.08%,72.50%,72.50%,72.50%,72.25%,73.25%
2022-01-07 15:55:58.323889,5,1000,600,37000,38000,71.00%,56.53%,71.00%,71.00%,71.00%,70.90%,72.80%
2022-01-07 15:56:07.148892,6,1000,600,37000,38000,72.00%,60.66%,72.00%,72.00%,72.00%,71.59%,72.67%
2022-01-07 15:56:16.114927,7,1000,600,37000,38000,67.50%,58.76%,67.50%,67.50%,67.50%,66.80%,71.93%
2022-01-07 15:56:24.878915,8,1000,600,37000,38000,63.50%,64.79%,63.50%,63.50%,63.50%,62.92%,70.88%
2022-01-07 15:56:33.925968,9,1000,600,37000,38000,72.00%,59.20%,72.00%,72.00%,72.00%,71.99%,71.00%
2022-01-07 15:56:42.899004,10,1000,600,37000,38000,75.00%,54.39%,75.00%,75.00%,75.00%,74.99%,71.40%
2022-01-07 15:56:51.304912,1,1000,600,38000,39000,56.50%,69.23%,56.50%,56.50%,56.50%,43.83%,56.50%
2022-01-07 15:56:58.505546,2,1000,600,38000,39000,52.00%,69.11%,52.00%,52.00%,52.00%,42.30%,54.25%
2022-01-07 15:57:07.964692,3,1000,600,38000,39000,55.50%,68.82%,55.50%,55.50%,55.50%,48.22%,54.67%
2022-01-07 15:57:22.786055,4,1000,600,38000,39000,75.00%,54.93%,75.00%,75.00%,75.00%,74.99%,59.75%
2022-01-07 15:57:31.252977,5,1000,600,38000,39000,53.00%,69.27%,53.00%,53.00%,53.00%,47.26%,58.40%
2022-01-07 15:57:38.840698,6,1000,600,38000,39000,65.50%,69.23%,65.50%,65.50%,65.50%,65.49%,59.58%
2022-01-07 15:57:47.962769,7,1000,600,38000,39000,47.00%,69.36%,47.00%,47.00%,47.00%,31.97%,57.79%
2022-01-07 15:57:56.193636,8,1000,600,38000,39000,56.00%,69.15%,56.00%,56.00%,56.00%,47.62%,57.56%
2022-01-07 15:58:03.701339,9,1000,600,38000,39000,55.00%,69.24%,55.00%,55.00%,55.00%,45.91%,57.28%
2022-01-07 15:58:11.858191,10,1000,600,38000,39000,47.00%,69.34%,47.00%,47.00%,47.00%,31.97%,56.25%
2022-01-07 15:58:24.119973,1,1000,600,39000,40000,68.00%,60.21%,68.00%,68.00%,68.00%,65.48%,68.00%
2022-01-07 15:58:34.806398,2,1000,600,39000,40000,60.00%,64.12%,60.00%,60.00%,60.00%,60.00%,64.00%
2022-01-07 15:58:47.103188,3,1000,600,39000,40000,73.50%,52.75%,73.50%,73.50%,73.50%,71.50%,67.17%
2022-01-07 15:58:58.905866,4,1000,600,39000,40000,71.00%,54.63%,71.00%,71.00%,71.00%,68.13%,68.13%
2022-01-07 15:59:09.690314,5,1000,600,39000,40000,69.50%,58.12%,69.50%,69.50%,69.50%,69.16%,68.40%
2022-01-07 15:59:20.736820,6,1000,600,39000,40000,62.50%,67.52%,62.50%,62.50%,62.50%,60.31%,67.42%
2022-01-07 15:59:31.763322,7,1000,600,39000,40000,64.00%,60.09%,64.00%,64.00%,64.00%,64.00%,66.93%
2022-01-07 15:59:38.546861,8,1000,600,39000,40000,44.50%,69.44%,44.50%,44.50%,44.50%,30.80%,64.12%
2022-01-07 15:59:50.019465,9,1000,600,39000,40000,75.00%,52.56%,75.00%,75.00%,75.00%,73.19%,65.33%
2022-01-07 16:00:01.923165,10,1000,600,39000,40000,70.50%,54.79%,70.50%,70.50%,70.50%,67.02%,65.85%
2022-01-07 16:00:11.349305,1,1000,600,40000,41000,72.50%,59.33%,72.50%,72.50%,72.50%,72.48%,72.50%
2022-01-07 16:00:22.671874,2,1000,600,40000,41000,76.00%,55.45%,76.00%,76.00%,76.00%,75.85%,74.25%
2022-01-07 16:00:31.661914,3,1000,600,40000,41000,70.00%,59.96%,70.00%,70.00%,70.00%,69.97%,72.83%
2022-01-07 16:00:40.412900,4,1000,600,40000,41000,71.00%,60.44%,71.00%,71.00%,71.00%,70.86%,72.37%
2022-01-07 16:00:49.290914,5,1000,600,40000,41000,74.50%,54.64%,74.50%,74.50%,74.50%,74.48%,72.80%
2022-01-07 16:00:58.337967,6,1000,600,40000,41000,67.50%,58.85%,67.50%,67.50%,67.50%,66.59%,71.92%
2022-01-07 16:01:07.905673,7,1000,600,40000,41000,73.00%,56.00%,73.00%,73.00%,73.00%,72.54%,72.07%
2022-01-07 16:01:17.377608,8,1000,600,40000,41000,72.50%,54.62%,72.50%,72.50%,72.50%,72.34%,72.13%
2022-01-07 16:01:26.530687,9,1000,600,40000,41000,71.00%,60.63%,71.00%,71.00%,71.00%,71.00%,72.00%
2022-01-07 16:01:36.268897,10,1000,600,40000,41000,72.50%,55.14%,72.50%,72.50%,72.50%,71.82%,72.05%
2022-01-07 16:01:44.571695,1,1000,600,41000,42000,74.00%,91.00%,74.00%,74.00%,74.00%,73.96%,74.00%
2022-01-07 16:01:52.969351,2,1000,600,41000,42000,71.50%,63.06%,71.50%,71.50%,71.50%,71.12%,72.75%
2022-01-07 16:02:01.173212,3,1000,600,41000,42000,74.00%,55.25%,74.00%,74.00%,74.00%,73.79%,73.17%
2022-01-07 16:02:10.835950,4,1000,600,41000,42000,72.50%,60.59%,72.50%,72.50%,72.50%,72.42%,73.00%
2022-01-07 16:02:19.069813,5,1000,600,41000,42000,71.00%,78.99%,71.00%,71.00%,71.00%,70.03%,72.60%
2022-01-07 16:02:27.289017,6,1000,600,41000,42000,76.00%,81.31%,76.00%,76.00%,76.00%,75.80%,73.17%
2022-01-07 16:02:35.431083,7,1000,600,41000,42000,68.00%,61.41%,68.00%,68.00%,68.00%,67.61%,72.43%
2022-01-07 16:02:43.592935,8,1000,600,41000,42000,72.50%,73.77%,72.50%,72.50%,72.50%,72.25%,72.44%
2022-01-07 16:02:51.517239,9,1000,600,41000,42000,66.00%,63.28%,66.00%,66.00%,66.00%,60.94%,71.72%
2022-01-07 16:02:59.364158,10,1000,600,41000,42000,74.00%,62.58%,74.00%,74.00%,74.00%,73.79%,71.95%
2022-01-07 16:03:11.986022,1,1000,600,42000,43000,71.50%,53.72%,71.50%,71.50%,71.50%,64.06%,71.50%
2022-01-07 16:03:22.980360,2,1000,600,42000,43000,72.00%,58.25%,72.00%,72.00%,72.00%,72.00%,71.75%
2022-01-07 16:03:29.753972,3,1000,600,42000,43000,70.50%,68.93%,70.50%,70.50%,70.50%,69.77%,71.33%
2022-01-07 16:03:42.727775,4,1000,600,42000,43000,77.00%,44.30%,77.00%,77.00%,77.00%,75.59%,72.75%
2022-01-07 16:03:54.370418,5,1000,600,42000,43000,79.00%,44.77%,79.00%,79.00%,79.00%,76.60%,74.00%
2022-01-07 16:04:04.894098,6,1000,600,42000,43000,72.50%,63.58%,72.50%,72.50%,72.50%,67.71%,73.75%
2022-01-07 16:04:11.822029,7,1000,600,42000,43000,59.00%,68.60%,59.00%,59.00%,59.00%,37.11%,71.64%
2022-01-07 16:04:23.401656,8,1000,600,42000,43000,76.00%,61.08%,76.00%,76.00%,76.00%,73.80%,72.19%
2022-01-07 16:04:34.622220,9,1000,600,42000,43000,76.50%,49.69%,76.50%,76.50%,76.50%,73.91%,72.67%
2022-01-07 16:04:46.382817,10,1000,600,42000,43000,77.50%,45.03%,77.50%,77.50%,77.50%,74.66%,73.15%
2022-01-07 16:04:55.240022,1,1000,600,43000,44000,53.00%,68.18%,53.00%,53.00%,53.00%,51.92%,53.00%
2022-01-07 16:05:05.765011,2,1000,600,43000,44000,70.50%,78.24%,70.50%,70.50%,70.50%,69.87%,61.75%
2022-01-07 16:05:14.513991,3,1000,600,43000,44000,54.00%,67.48%,54.00%,54.00%,54.00%,52.28%,59.17%
2022-01-07 16:05:23.245972,4,1000,600,43000,44000,52.00%,67.39%,52.00%,52.00%,52.00%,49.56%,57.37%
2022-01-07 16:05:31.683507,5,1000,600,43000,44000,67.50%,67.05%,67.50%,67.50%,67.50%,66.80%,59.40%
2022-01-07 16:05:40.652683,6,1000,600,43000,44000,63.50%,70.16%,63.50%,63.50%,63.50%,63.09%,60.08%
2022-01-07 16:05:49.849859,7,1000,600,43000,44000,68.50%,69.45%,68.50%,68.50%,68.50%,68.44%,61.29%
2022-01-07 16:05:58.542621,8,1000,600,43000,44000,64.00%,67.30%,64.00%,64.00%,64.00%,63.64%,61.62%
2022-01-07 16:06:07.005354,9,1000,600,43000,44000,53.00%,68.37%,53.00%,53.00%,53.00%,52.53%,60.67%
2022-01-07 16:06:17.259682,10,1000,600,43000,44000,72.00%,56.03%,72.00%,72.00%,72.00%,70.44%,61.80%
2022-01-07 16:06:26.672477,1,1000,600,44000,45000,75.50%,58.64%,75.50%,75.50%,75.50%,75.36%,75.50%
2022-01-07 16:06:35.740514,2,1000,600,44000,45000,73.00%,56.69%,73.00%,73.00%,73.00%,72.93%,74.25%
2022-01-07 16:06:44.723553,3,1000,600,44000,45000,71.00%,55.94%,71.00%,71.00%,71.00%,70.95%,73.17%
2022-01-07 16:06:54.203930,4,1000,600,44000,45000,72.00%,54.27%,72.00%,72.00%,72.00%,71.96%,72.88%
2022-01-07 16:07:03.444026,5,1000,600,44000,45000,73.50%,55.15%,73.50%,73.50%,73.50%,73.50%,73.00%
2022-01-07 16:07:12.433577,6,1000,600,44000,45000,69.50%,60.24%,69.50%,69.50%,69.50%,69.44%,72.42%
2022-01-07 16:07:21.421680,7,1000,600,44000,45000,70.50%,55.41%,70.50%,70.50%,70.50%,70.41%,72.14%
2022-01-07 16:07:29.854594,8,1000,600,44000,45000,69.00%,65.01%,69.00%,69.00%,69.00%,68.69%,71.75%
2022-01-07 16:07:38.707603,9,1000,600,44000,45000,69.50%,58.74%,69.50%,69.50%,69.50%,69.28%,71.50%
2022-01-07 16:07:47.537437,10,1000,600,44000,45000,72.50%,55.78%,72.50%,72.50%,72.50%,72.50%,71.60%
2022-01-07 16:07:57.450687,1,1000,600,45000,46000,75.00%,51.47%,75.00%,75.00%,75.00%,74.63%,75.00%
2022-01-07 16:08:06.023633,2,1000,600,45000,46000,68.50%,60.85%,68.50%,68.50%,68.50%,68.48%,71.75%
2022-01-07 16:08:15.624158,3,1000,600,45000,46000,72.50%,56.75%,72.50%,72.50%,72.50%,71.41%,72.00%
2022-01-07 16:08:26.328454,4,1000,600,45000,46000,76.50%,50.68%,76.50%,76.50%,76.50%,76.49%,73.13%
2022-01-07 16:08:35.903626,5,1000,600,45000,46000,73.50%,71.36%,73.50%,73.50%,73.50%,73.26%,73.20%
2022-01-07 16:08:44.478423,6,1000,600,45000,46000,69.00%,58.97%,69.00%,69.00%,69.00%,69.00%,72.50%
2022-01-07 16:08:53.078695,7,1000,600,45000,46000,72.50%,56.65%,72.50%,72.50%,72.50%,72.50%,72.50%
2022-01-07 16:09:01.981715,8,1000,600,45000,46000,67.00%,61.23%,67.00%,67.00%,67.00%,66.84%,71.81%
2022-01-07 16:09:11.803790,9,1000,600,45000,46000,74.50%,53.26%,74.50%,74.50%,74.50%,74.39%,72.11%
2022-01-07 16:09:20.361126,10,1000,600,45000,46000,70.50%,65.22%,70.50%,70.50%,70.50%,70.49%,71.95%
2022-01-07 16:09:30.897517,1,1000,600,46000,47000,71.00%,56.27%,71.00%,71.00%,71.00%,71.00%,71.00%
2022-01-07 16:09:42.090792,2,1000,600,46000,47000,76.00%,48.38%,76.00%,76.00%,76.00%,75.65%,73.50%
2022-01-07 16:09:51.762792,3,1000,600,46000,47000,74.00%,73.01%,74.00%,74.00%,74.00%,74.00%,73.67%
2022-01-07 16:10:02.760288,4,1000,600,46000,47000,71.00%,56.73%,71.00%,71.00%,71.00%,70.58%,73.00%
2022-01-07 16:10:11.982955,5,1000,600,46000,47000,72.50%,56.78%,72.50%,72.50%,72.50%,72.48%,72.90%
2022-01-07 16:10:21.472412,6,1000,600,46000,47000,70.50%,59.42%,70.50%,70.50%,70.50%,70.44%,72.50%
2022-01-07 16:10:31.904109,7,1000,600,46000,47000,75.00%,50.29%,75.00%,75.00%,75.00%,74.63%,72.86%
2022-01-07 16:10:40.710108,8,1000,600,46000,47000,69.50%,58.70%,69.50%,69.50%,69.50%,69.16%,72.44%
2022-01-07 16:10:49.624740,9,1000,600,46000,47000,75.00%,50.72%,75.00%,75.00%,75.00%,74.50%,72.72%
2022-01-07 16:10:59.352794,10,1000,600,46000,47000,72.00%,51.81%,72.00%,72.00%,72.00%,71.99%,72.65%
2022-01-07 16:11:08.667907,1,1000,600,47000,48000,52.00%,66.23%,52.00%,52.00%,52.00%,47.25%,52.00%
2022-01-07 16:11:15.038955,2,1000,600,47000,48000,50.50%,69.24%,50.50%,50.50%,50.50%,41.89%,51.25%
2022-01-07 16:11:23.895966,3,1000,600,47000,48000,71.00%,58.48%,71.00%,71.00%,71.00%,70.90%,57.83%
2022-01-07 16:11:32.663955,4,1000,600,47000,48000,69.50%,57.43%,69.50%,69.50%,69.50%,69.41%,60.75%
2022-01-07 16:11:42.517796,5,1000,600,47000,48000,75.50%,54.90%,75.50%,75.50%,75.50%,75.48%,63.70%
2022-01-07 16:11:51.841912,6,1000,600,47000,48000,75.50%,48.71%,75.50%,75.50%,75.50%,75.05%,65.67%
2022-01-07 16:12:00.358845,7,1000,600,47000,48000,70.00%,57.50%,70.00%,70.00%,70.00%,69.97%,66.29%
2022-01-07 16:12:10.126061,8,1000,600,47000,48000,76.00%,53.50%,76.00%,76.00%,76.00%,75.98%,67.50%
2022-01-07 16:12:18.159884,9,1000,600,47000,48000,65.50%,66.01%,65.50%,65.50%,65.50%,65.25%,67.28%
2022-01-07 16:12:24.145243,10,1000,600,47000,48000,49.50%,69.26%,49.50%,49.50%,49.50%,33.11%,65.50%
2022-01-07 16:12:32.592160,1,1000,600,48000,49000,51.00%,67.91%,51.00%,51.00%,51.00%,48.74%,51.00%
2022-01-07 16:12:40.832029,2,1000,600,48000,49000,69.00%,91.50%,69.00%,69.00%,69.00%,69.00%,60.00%
2022-01-07 16:12:49.316954,3,1000,600,48000,49000,71.50%,63.31%,71.50%,71.50%,71.50%,69.17%,63.83%
2022-01-07 16:12:57.230750,4,1000,600,48000,49000,58.50%,66.01%,58.50%,58.50%,58.50%,58.04%,62.50%
2022-01-07 16:13:05.714675,5,1000,600,48000,49000,64.00%,62.97%,64.00%,64.00%,64.00%,63.91%,62.80%
2022-01-07 16:13:14.197600,6,1000,600,48000,49000,68.00%,64.08%,68.00%,68.00%,68.00%,66.52%,63.67%
2022-01-07 16:13:22.675524,7,1000,600,48000,49000,71.50%,77.89%,71.50%,71.50%,71.50%,71.29%,64.79%
2022-01-07 16:13:30.878385,8,1000,600,48000,49000,72.00%,76.93%,72.00%,72.00%,72.00%,70.58%,65.69%
2022-01-07 16:13:39.589362,9,1000,600,48000,49000,66.00%,60.20%,66.00%,66.00%,66.00%,65.97%,65.72%
2022-01-07 16:13:48.019275,10,1000,600,48000,49000,70.50%,74.37%,70.50%,70.50%,70.50%,70.49%,66.20%
2022-01-07 16:13:56.933297,1,1000,600,49000,50000,76.00%,48.71%,76.00%,76.00%,76.00%,75.37%,76.00%
2022-01-07 16:14:06.719518,2,1000,600,49000,50000,75.50%,50.72%,75.50%,75.50%,75.50%,75.43%,75.75%
2022-01-07 16:14:16.721788,3,1000,600,49000,50000,83.00%,44.45%,83.00%,83.00%,83.00%,82.61%,78.17%
2022-01-07 16:14:26.561020,4,1000,600,49000,50000,81.00%,49.73%,81.00%,81.00%,81.00%,80.99%,78.87%
2022-01-07 16:14:35.401026,5,1000,600,49000,50000,78.00%,53.74%,78.00%,78.00%,78.00%,77.96%,78.70%
2022-01-07 16:14:45.526324,6,1000,600,49000,50000,81.50%,48.15%,81.50%,81.50%,81.50%,80.98%,79.17%
2022-01-07 16:14:54.098270,7,1000,600,49000,50000,75.00%,58.49%,75.00%,75.00%,75.00%,74.88%,78.57%
2022-01-07 16:15:02.736229,8,1000,600,49000,50000,70.50%,58.71%,70.50%,70.50%,70.50%,69.67%,77.56%
2022-01-07 16:15:11.386192,9,1000,600,49000,50000,78.50%,55.64%,78.50%,78.50%,78.50%,77.46%,77.67%
2022-01-07 16:15:20.081165,10,1000,600,49000,50000,75.50%,52.11%,75.50%,75.50%,75.50%,74.81%,77.45%
2022-01-07 18:48:28.464309,1,2000,1200,0,2000,76.50%,47.10%,76.50%,76.50%,76.50%,76.43%,76.50%
2022-01-07 18:48:43.028339,2,2000,1200,0,2000,80.00%,51.20%,80.00%,80.00%,80.00%,79.80%,78.25%
2022-01-07 18:48:55.107080,3,2000,1200,0,2000,68.00%,59.60%,68.00%,68.00%,68.00%,67.53%,74.83%
2022-01-07 18:49:10.838924,4,2000,1200,0,2000,77.25%,46.73%,77.25%,77.25%,77.25%,77.24%,75.44%
2022-01-07 18:49:24.150468,5,2000,1200,0,2000,78.00%,47.64%,78.00%,78.00%,78.00%,77.89%,75.95%
2022-01-07 18:49:39.906043,6,2000,1200,0,2000,82.75%,39.50%,82.75%,82.75%,82.75%,82.71%,77.08%
2022-01-07 18:49:51.576971,7,2000,1200,0,2000,67.50%,62.43%,67.50%,67.50%,67.50%,67.03%,75.71%
2022-01-07 18:50:06.857004,8,2000,1200,0,2000,77.50%,47.55%,77.50%,77.50%,77.50%,77.22%,75.94%
2022-01-07 18:50:21.430555,9,2000,1200,0,2000,78.25%,46.08%,78.25%,78.25%,78.25%,78.25%,76.19%
2022-01-07 18:50:33.911028,10,2000,1200,0,2000,77.00%,53.10%,77.00%,77.00%,77.00%,76.83%,76.27%
2022-01-07 18:50:52.482979,1,2000,1200,2000,4000,69.25%,60.07%,69.25%,69.25%,69.25%,67.87%,69.25%
2022-01-07 18:51:11.210667,2,2000,1200,2000,4000,71.25%,64.66%,71.25%,71.25%,71.25%,71.21%,70.25%
2022-01-07 18:51:30.099910,3,2000,1200,2000,4000,73.50%,56.07%,73.50%,73.50%,73.50%,73.48%,71.33%
2022-01-07 18:51:46.575657,4,2000,1200,2000,4000,69.00%,59.40%,69.00%,69.00%,69.00%,68.96%,70.75%
2022-01-07 18:52:05.029845,5,2000,1200,2000,4000,72.00%,56.10%,72.00%,72.00%,72.00%,70.77%,71.00%
2022-01-07 18:52:22.856703,6,2000,1200,2000,4000,66.75%,60.22%,66.75%,66.75%,66.75%,66.57%,70.29%
2022-01-07 18:52:41.464404,7,2000,1200,2000,4000,71.25%,54.07%,71.25%,71.25%,71.25%,70.91%,70.43%
2022-01-07 18:53:00.625985,8,2000,1200,2000,4000,70.25%,72.83%,70.25%,70.25%,70.25%,69.44%,70.41%
2022-01-07 18:53:18.528578,9,2000,1200,2000,4000,70.75%,65.37%,70.75%,70.75%,70.75%,69.91%,70.44%
2022-01-07 18:53:36.044462,10,2000,1200,2000,4000,67.00%,62.39%,67.00%,67.00%,67.00%,66.96%,70.10%
2022-01-07 18:53:46.667461,1,2000,1200,4000,6000,73.75%,52.48%,73.75%,73.75%,73.75%,73.66%,73.75%
2022-01-07 18:53:56.812589,2,2000,1200,4000,6000,69.75%,62.67%,69.75%,69.75%,69.75%,69.40%,71.75%
2022-01-07 18:54:07.085920,3,2000,1200,4000,6000,75.00%,53.94%,75.00%,75.00%,75.00%,75.00%,72.83%
2022-01-07 18:54:16.676966,4,2000,1200,4000,6000,70.25%,63.93%,70.25%,70.25%,70.25%,70.25%,72.19%
2022-01-07 18:54:26.140163,5,2000,1200,4000,6000,70.00%,62.55%,70.00%,70.00%,70.00%,69.78%,71.75%
2022-01-07 18:54:36.788580,6,2000,1200,4000,6000,73.75%,50.11%,73.75%,73.75%,73.75%,73.72%,72.08%
2022-01-07 18:54:46.714388,7,2000,1200,4000,6000,73.50%,54.12%,73.50%,73.50%,73.50%,73.31%,72.29%
2022-01-07 18:54:57.880460,8,2000,1200,4000,6000,77.00%,49.86%,77.00%,77.00%,77.00%,77.00%,72.87%
2022-01-07 18:55:06.891504,9,2000,1200,4000,6000,64.25%,63.65%,64.25%,64.25%,64.25%,63.09%,71.92%
2022-01-07 18:55:15.420439,10,2000,1200,4000,6000,66.25%,61.58%,66.25%,66.25%,66.25%,65.55%,71.35%
2022-01-07 18:55:27.637750,1,2000,1200,6000,8000,80.25%,64.59%,80.25%,80.25%,80.25%,80.22%,80.25%
2022-01-07 18:55:38.023108,2,2000,1200,6000,8000,73.75%,53.84%,73.75%,73.75%,73.75%,73.35%,77.00%
2022-01-07 18:55:48.023376,3,2000,1200,6000,8000,80.50%,53.78%,80.50%,80.50%,80.50%,80.14%,78.17%
2022-01-07 18:55:57.989638,4,2000,1200,6000,8000,77.50%,68.95%,77.50%,77.50%,77.50%,77.11%,78.00%
2022-01-07 18:56:08.109934,5,2000,1200,6000,8000,78.00%,56.23%,78.00%,78.00%,78.00%,77.08%,78.00%
2022-01-07 18:56:19.087425,6,2000,1200,6000,8000,72.75%,62.57%,72.75%,72.75%,72.75%,71.81%,77.12%
2022-01-07 18:56:29.064689,7,2000,1200,6000,8000,78.00%,70.56%,78.00%,78.00%,78.00%,77.99%,77.25%
2022-01-07 18:56:40.023176,8,2000,1200,6000,8000,73.50%,59.65%,73.50%,73.50%,73.50%,73.20%,76.78%
2022-01-07 18:56:50.254498,9,2000,1200,6000,8000,75.75%,54.05%,75.75%,75.75%,75.75%,75.47%,76.67%
2022-01-07 18:57:00.294776,10,2000,1200,6000,8000,75.50%,56.86%,75.50%,75.50%,75.50%,74.97%,76.55%
2022-01-07 18:57:11.740373,1,2000,1200,8000,10000,48.00%,69.45%,48.00%,48.00%,48.00%,42.27%,48.00%
2022-01-07 18:57:25.423478,2,2000,1200,8000,10000,58.25%,68.25%,58.25%,58.25%,58.25%,58.25%,53.12%
2022-01-07 18:57:33.816382,3,2000,1200,8000,10000,48.75%,69.54%,48.75%,48.75%,48.75%,44.96%,51.67%
2022-01-07 18:57:42.413333,4,2000,1200,8000,10000,49.00%,69.41%,49.00%,49.00%,49.00%,46.15%,51.00%
2022-01-07 18:57:52.613647,5,2000,1200,8000,10000,53.50%,69.28%,53.50%,53.50%,53.50%,53.16%,51.50%
2022-01-07 18:58:02.552902,6,2000,1200,8000,10000,51.00%,69.26%,51.00%,51.00%,51.00%,50.22%,51.42%
2022-01-07 18:58:15.304796,7,2000,1200,8000,10000,68.75%,63.19%,68.75%,68.75%,68.75%,68.35%,53.89%
2022-01-07 18:58:26.097246,8,2000,1200,8000,10000,51.00%,69.27%,51.00%,51.00%,51.00%,49.36%,53.53%
2022-01-07 18:58:35.677420,9,2000,1200,8000,10000,51.25%,69.50%,51.25%,51.25%,51.25%,50.38%,53.28%
2022-01-07 18:58:45.004535,10,2000,1200,8000,10000,50.75%,69.61%,50.75%,50.75%,50.75%,49.24%,53.02%
2022-01-07 18:58:56.153066,1,2000,1200,10000,12000,80.00%,53.02%,80.00%,80.00%,80.00%,79.78%,80.00%
2022-01-07 18:59:06.860495,2,2000,1200,10000,12000,79.25%,46.65%,79.25%,79.25%,79.25%,78.88%,79.63%
2022-01-07 18:59:17.826983,3,2000,1200,10000,12000,79.00%,45.22%,79.00%,79.00%,79.00%,78.92%,79.42%
2022-01-07 18:59:28.903497,4,2000,1200,10000,12000,78.00%,56.36%,78.00%,78.00%,78.00%,77.71%,79.06%
2022-01-07 18:59:39.514904,5,2000,1200,10000,12000,79.50%,45.43%,79.50%,79.50%,79.50%,79.33%,79.15%
2022-01-07 18:59:50.278347,6,2000,1200,10000,12000,78.50%,46.40%,78.50%,78.50%,78.50%,78.49%,79.04%
2022-01-07 19:00:00.697711,7,2000,1200,10000,12000,78.75%,45.28%,78.75%,78.75%,78.75%,78.74%,79.00%
2022-01-07 19:00:12.133307,8,2000,1200,10000,12000,79.75%,53.03%,79.75%,79.75%,79.75%,79.68%,79.09%
2022-01-07 19:00:21.968538,9,2000,1200,10000,12000,59.75%,65.36%,59.75%,59.75%,59.75%,49.10%,76.94%
2022-01-07 19:00:31.882788,10,2000,1200,10000,12000,77.25%,61.77%,77.25%,77.25%,77.25%,77.25%,76.98%
2022-01-07 19:00:46.939205,1,2000,1200,12000,14000,70.25%,58.35%,70.25%,70.25%,70.25%,69.49%,70.25%
2022-01-07 19:01:01.936607,2,2000,1200,12000,14000,76.25%,58.38%,76.25%,76.25%,76.25%,76.25%,73.25%
2022-01-07 19:01:17.039035,3,2000,1200,12000,14000,57.00%,68.17%,57.00%,57.00%,57.00%,48.56%,67.83%
2022-01-07 19:01:31.129232,4,2000,1200,12000,14000,67.50%,58.16%,67.50%,67.50%,67.50%,66.75%,67.75%
2022-01-07 19:01:49.300355,5,2000,1200,12000,14000,76.75%,52.74%,76.75%,76.75%,76.75%,76.66%,69.55%
2022-01-07 19:02:09.502939,6,2000,1200,12000,14000,73.50%,53.21%,73.50%,73.50%,73.50%,73.18%,70.21%
2022-01-07 19:02:23.206050,7,2000,1200,12000,14000,75.75%,55.99%,75.75%,75.75%,75.75%,75.35%,71.00%
2022-01-07 19:02:41.397176,8,2000,1200,12000,14000,79.25%,55.63%,79.25%,79.25%,79.25%,79.24%,72.03%
2022-01-07 19:02:56.640636,9,2000,1200,12000,14000,71.25%,54.34%,71.25%,71.25%,71.25%,70.74%,71.94%
2022-01-07 19:03:11.310966,10,2000,1200,12000,14000,72.50%,53.85%,72.50%,72.50%,72.50%,72.46%,72.00%
2022-01-07 19:03:24.841036,1,2000,1200,14000,16000,76.75%,49.11%,76.75%,76.75%,76.75%,76.70%,76.75%
2022-01-07 19:03:38.971241,2,2000,1200,14000,16000,75.50%,50.89%,75.50%,75.50%,75.50%,75.20%,76.12%
2022-01-07 19:03:53.074442,3,2000,1200,14000,16000,79.75%,59.82%,79.75%,79.75%,79.75%,79.74%,77.33%
2022-01-07 19:04:06.206422,4,2000,1200,14000,16000,76.50%,50.90%,76.50%,76.50%,76.50%,76.44%,77.12%
2022-01-07 19:04:20.488663,5,2000,1200,14000,16000,80.25%,55.07%,80.25%,80.25%,80.25%,80.22%,77.75%
2022-01-07 19:04:33.233554,6,2000,1200,14000,16000,78.25%,50.63%,78.25%,78.25%,78.25%,78.25%,77.83%
2022-01-07 19:04:44.280061,7,2000,1200,14000,16000,66.25%,59.95%,66.25%,66.25%,66.25%,65.60%,76.18%
2022-01-07 19:04:58.960392,8,2000,1200,14000,16000,73.75%,52.43%,73.75%,73.75%,73.75%,73.74%,75.88%
2022-01-07 19:05:12.199397,9,2000,1200,14000,16000,70.50%,56.06%,70.50%,70.50%,70.50%,69.82%,75.28%
2022-01-07 19:05:24.833263,10,2000,1200,14000,16000,75.75%,47.63%,75.75%,75.75%,75.75%,75.71%,75.33%
2022-01-07 19:05:36.215846,1,2000,1200,16000,18000,76.00%,58.87%,76.00%,76.00%,76.00%,76.00%,76.00%
2022-01-07 19:05:46.998293,2,2000,1200,16000,18000,73.50%,53.94%,73.50%,73.50%,73.50%,73.04%,74.75%
2022-01-07 19:05:56.354416,3,2000,1200,16000,18000,76.25%,51.38%,76.25%,76.25%,76.25%,76.20%,75.25%
2022-01-07 19:06:07.034839,4,2000,1200,16000,18000,76.25%,52.37%,76.25%,76.25%,76.25%,76.17%,75.50%
2022-01-07 19:06:17.457205,5,2000,1200,16000,18000,77.50%,51.50%,77.50%,77.50%,77.50%,77.49%,75.90%
2022-01-07 19:06:28.231649,6,2000,1200,16000,18000,74.00%,55.98%,74.00%,74.00%,74.00%,73.85%,75.58%
2022-01-07 19:06:37.550765,7,2000,1200,16000,18000,74.50%,56.98%,74.50%,74.50%,74.50%,74.24%,75.43%
2022-01-07 19:06:48.162171,8,2000,1200,16000,18000,77.50%,49.16%,77.50%,77.50%,77.50%,77.49%,75.69%
2022-01-07 19:06:57.068192,9,2000,1200,16000,18000,77.00%,62.87%,77.00%,77.00%,77.00%,76.99%,75.83%
2022-01-07 19:07:06.809403,10,2000,1200,16000,18000,74.25%,67.81%,74.25%,74.25%,74.25%,73.92%,75.67%
2022-01-07 19:07:19.948385,1,2000,1200,18000,20000,77.00%,51.88%,77.00%,77.00%,77.00%,76.23%,77.00%
2022-01-07 19:07:32.427216,2,2000,1200,18000,20000,76.50%,49.63%,76.50%,76.50%,76.50%,76.16%,76.75%
2022-01-07 19:07:45.567198,3,2000,1200,18000,20000,77.50%,52.23%,77.50%,77.50%,77.50%,77.40%,77.00%
2022-01-07 19:07:57.506908,4,2000,1200,18000,20000,78.50%,60.73%,78.50%,78.50%,78.50%,78.50%,77.37%
2022-01-07 19:08:11.222019,5,2000,1200,18000,20000,79.00%,47.90%,79.00%,79.00%,79.00%,78.91%,77.70%
2022-01-07 19:08:28.170865,6,2000,1200,18000,20000,77.25%,52.66%,77.25%,77.25%,77.25%,76.96%,77.62%
2022-01-07 19:08:42.431102,7,2000,1200,18000,20000,75.75%,50.95%,75.75%,75.75%,75.75%,75.71%,77.36%
2022-01-07 19:08:55.143986,8,2000,1200,18000,20000,68.75%,61.06%,68.75%,68.75%,68.75%,68.10%,76.28%
2022-01-07 19:09:07.407769,9,2000,1200,18000,20000,77.50%,53.67%,77.50%,77.50%,77.50%,77.50%,76.42%
2022-01-07 19:09:19.894603,10,2000,1200,18000,20000,75.75%,52.36%,75.75%,75.75%,75.75%,75.70%,76.35%
2022-01-07 19:09:29.775844,1,2000,1200,20000,22000,78.75%,47.85%,78.75%,78.75%,78.75%,78.55%,78.75%
2022-01-07 19:09:39.333013,2,2000,1200,20000,22000,76.00%,48.30%,76.00%,76.00%,76.00%,75.15%,77.38%
2022-01-07 19:09:48.876178,3,2000,1200,20000,22000,77.50%,50.37%,77.50%,77.50%,77.50%,76.91%,77.42%
2022-01-07 19:09:58.688405,4,2000,1200,20000,22000,77.50%,52.95%,77.50%,77.50%,77.50%,76.36%,77.44%
2022-01-07 19:10:08.039527,5,2000,1200,20000,22000,77.25%,47.25%,77.25%,77.25%,77.25%,76.37%,77.40%
2022-01-07 19:10:17.170599,6,2000,1200,20000,22000,78.50%,50.08%,78.50%,78.50%,78.50%,78.41%,77.58%
2022-01-07 19:10:26.241658,7,2000,1200,20000,22000,73.50%,51.25%,73.50%,73.50%,73.50%,71.73%,77.00%
2022-01-07 19:10:35.860840,8,2000,1200,20000,22000,74.75%,51.54%,74.75%,74.75%,74.75%,73.50%,76.72%
2022-01-07 19:10:45.419009,9,2000,1200,20000,22000,76.00%,52.44%,76.00%,76.00%,76.00%,74.95%,76.64%
2022-01-07 19:10:54.540079,10,2000,1200,20000,22000,78.00%,45.59%,78.00%,78.00%,78.00%,77.38%,76.77%
2022-01-07 19:11:06.044689,1,2000,1200,22000,24000,58.00%,67.88%,58.00%,58.00%,58.00%,57.95%,58.00%
2022-01-07 19:11:17.030182,2,2000,1200,22000,24000,76.00%,65.43%,76.00%,76.00%,76.00%,75.94%,67.00%
2022-01-07 19:11:29.908104,3,2000,1200,22000,24000,73.50%,50.27%,73.50%,73.50%,73.50%,73.40%,69.17%
2022-01-07 19:11:41.653770,4,2000,1200,22000,24000,71.50%,64.35%,71.50%,71.50%,71.50%,71.47%,69.75%
2022-01-07 19:11:53.117370,5,2000,1200,22000,24000,73.00%,51.58%,73.00%,73.00%,73.00%,72.93%,70.40%
2022-01-07 19:12:05.869265,6,2000,1200,22000,24000,74.25%,56.05%,74.25%,74.25%,74.25%,73.68%,71.04%
2022-01-07 19:12:16.221613,7,2000,1200,22000,24000,67.25%,59.10%,67.25%,67.25%,67.25%,67.25%,70.50%
2022-01-07 19:12:27.570189,8,2000,1200,22000,24000,71.50%,57.62%,71.50%,71.50%,71.50%,71.12%,70.62%
2022-01-07 19:12:38.967775,9,2000,1200,22000,24000,71.25%,52.84%,71.25%,71.25%,71.25%,71.23%,70.69%
2022-01-07 19:12:50.337355,10,2000,1200,22000,24000,76.25%,51.57%,76.25%,76.25%,76.25%,76.25%,71.25%
2022-01-07 19:13:01.855969,1,2000,1200,24000,26000,60.75%,68.40%,60.75%,60.75%,60.75%,37.79%,60.75%
2022-01-07 19:13:24.295061,2,2000,1200,24000,26000,64.50%,61.47%,64.50%,64.50%,64.50%,64.46%,62.62%
2022-01-07 19:13:34.656412,3,2000,1200,24000,26000,56.25%,69.10%,56.25%,56.25%,56.25%,56.10%,60.50%
2022-01-07 19:13:58.911916,4,2000,1200,24000,26000,76.50%,53.32%,76.50%,76.50%,76.50%,76.03%,64.50%
2022-01-07 19:14:09.814389,5,2000,1200,24000,26000,60.75%,68.16%,60.75%,60.75%,60.75%,37.79%,63.75%
2022-01-07 19:14:19.486584,6,2000,1200,24000,26000,60.75%,69.05%,60.75%,60.75%,60.75%,37.79%,63.25%
2022-01-07 19:14:30.631113,7,2000,1200,24000,26000,60.75%,68.30%,60.75%,60.75%,60.75%,37.79%,62.89%
2022-01-07 19:14:51.194780,8,2000,1200,24000,26000,76.75%,52.80%,76.75%,76.75%,76.75%,74.96%,64.63%
2022-01-07 19:15:02.244287,9,2000,1200,24000,26000,60.75%,67.95%,60.75%,60.75%,60.75%,37.79%,64.19%
2022-01-07 19:15:24.216272,10,2000,1200,24000,26000,75.75%,55.35%,75.75%,75.75%,75.75%,74.96%,65.35%
2022-01-07 19:15:39.840818,1,2000,1200,26000,28000,74.75%,55.68%,74.75%,74.75%,74.75%,74.43%,74.75%
2022-01-07 19:15:51.963569,2,2000,1200,26000,28000,70.75%,63.30%,70.75%,70.75%,70.75%,69.08%,72.75%
2022-01-07 19:16:04.936512,3,2000,1200,26000,28000,69.25%,58.25%,69.25%,69.25%,69.25%,69.22%,71.58%
2022-01-07 19:16:19.862900,4,2000,1200,26000,28000,73.25%,60.10%,73.25%,73.25%,73.25%,73.18%,72.00%
2022-01-07 19:16:31.684582,5,2000,1200,26000,28000,61.00%,64.70%,61.00%,61.00%,61.00%,60.86%,69.80%
2022-01-07 19:16:43.647297,6,2000,1200,26000,28000,60.50%,66.84%,60.50%,60.50%,60.50%,59.71%,68.25%
2022-01-07 19:16:56.144132,7,2000,1200,26000,28000,70.75%,54.62%,70.75%,70.75%,70.75%,70.41%,68.61%
2022-01-07 19:17:12.968950,8,2000,1200,26000,28000,76.75%,51.10%,76.75%,76.75%,76.75%,76.70%,69.62%
2022-01-07 19:17:27.979356,9,2000,1200,26000,28000,73.25%,53.77%,73.25%,73.25%,73.25%,73.21%,70.03%
2022-01-07 19:17:42.156573,10,2000,1200,26000,28000,77.00%,62.65%,77.00%,77.00%,77.00%,76.83%,70.72%
2022-01-07 19:17:52.831997,1,2000,1200,28000,30000,78.50%,60.30%,78.50%,78.50%,78.50%,77.86%,78.50%
2022-01-07 19:18:02.320149,2,2000,1200,28000,30000,76.75%,49.67%,76.75%,76.75%,76.75%,76.66%,77.63%
2022-01-07 19:18:12.054358,3,2000,1200,28000,30000,78.00%,53.08%,78.00%,78.00%,78.00%,77.56%,77.75%
2022-01-07 19:18:22.476722,4,2000,1200,28000,30000,78.00%,57.66%,78.00%,78.00%,78.00%,78.00%,77.81%
2022-01-07 19:18:32.201930,5,2000,1200,28000,30000,80.75%,49.41%,80.75%,80.75%,80.75%,80.69%,78.40%
2022-01-07 19:18:42.332229,6,2000,1200,28000,30000,77.50%,54.58%,77.50%,77.50%,77.50%,77.49%,78.25%
2022-01-07 19:18:51.450297,7,2000,1200,28000,30000,75.50%,51.54%,75.50%,75.50%,75.50%,74.81%,77.86%
2022-01-07 19:19:01.291530,8,2000,1200,28000,30000,76.00%,63.39%,76.00%,76.00%,76.00%,75.94%,77.62%
2022-01-07 19:19:10.032514,9,2000,1200,28000,30000,75.25%,50.06%,75.25%,75.25%,75.25%,74.99%,77.36%
2022-01-07 19:19:19.493660,10,2000,1200,28000,30000,76.25%,50.99%,76.25%,76.25%,76.25%,76.18%,77.25%
2022-01-07 19:19:29.466923,1,2000,1200,30000,32000,78.25%,45.04%,78.25%,78.25%,78.25%,77.58%,78.25%
2022-01-07 19:19:39.948302,2,2000,1200,30000,32000,78.50%,46.16%,78.50%,78.50%,78.50%,77.51%,78.38%
2022-01-07 19:19:51.116836,3,2000,1200,30000,32000,79.75%,46.66%,79.75%,79.75%,79.75%,79.74%,78.83%
2022-01-07 19:20:00.496965,4,2000,1200,30000,32000,77.00%,49.89%,77.00%,77.00%,77.00%,77.00%,78.38%
2022-01-07 19:20:09.515011,5,2000,1200,30000,32000,79.25%,43.45%,79.25%,79.25%,79.25%,79.14%,78.55%
2022-01-07 19:20:18.664087,6,2000,1200,30000,32000,78.75%,46.40%,78.75%,78.75%,78.75%,78.45%,78.58%
2022-01-07 19:20:27.854173,7,2000,1200,30000,32000,81.75%,41.99%,81.75%,81.75%,81.75%,81.61%,79.04%
2022-01-07 19:20:37.528368,8,2000,1200,30000,32000,79.00%,45.48%,79.00%,79.00%,79.00%,78.97%,79.03%
2022-01-07 19:20:47.076534,9,2000,1200,30000,32000,77.50%,44.56%,77.50%,77.50%,77.50%,76.70%,78.86%
2022-01-07 19:20:57.359868,10,2000,1200,30000,32000,78.25%,46.78%,78.25%,78.25%,78.25%,77.58%,78.80%
2022-01-07 19:21:06.502942,1,2000,1200,32000,34000,68.50%,64.98%,68.50%,68.50%,68.50%,68.50%,68.50%
2022-01-07 19:21:14.289709,2,2000,1200,32000,34000,68.75%,64.81%,68.75%,68.75%,68.75%,68.63%,68.63%
2022-01-07 19:21:22.738627,3,2000,1200,32000,34000,68.50%,62.48%,68.50%,68.50%,68.50%,68.27%,68.58%
2022-01-07 19:21:30.100297,4,2000,1200,32000,34000,65.75%,62.78%,65.75%,65.75%,65.75%,65.70%,67.88%
2022-01-07 19:21:38.427187,5,2000,1200,32000,34000,65.25%,64.75%,65.25%,65.25%,65.25%,65.21%,67.35%
2022-01-07 19:21:46.040914,6,2000,1200,32000,34000,66.50%,64.13%,66.50%,66.50%,66.50%,66.31%,67.21%
2022-01-07 19:21:53.326567,7,2000,1200,32000,34000,66.75%,64.06%,66.75%,66.75%,66.75%,66.20%,67.14%
2022-01-07 19:22:00.698242,8,2000,1200,32000,34000,63.25%,64.76%,63.25%,63.25%,63.25%,61.98%,66.66%
2022-01-07 19:22:08.588031,9,2000,1200,32000,34000,66.75%,65.11%,66.75%,66.75%,66.75%,66.60%,66.67%
2022-01-07 19:22:17.043949,10,2000,1200,32000,34000,65.50%,63.85%,65.50%,65.50%,65.50%,65.50%,66.55%
2022-01-07 19:22:28.722599,1,2000,1200,34000,36000,78.25%,48.79%,78.25%,78.25%,78.25%,77.89%,78.25%
2022-01-07 19:22:40.516276,2,2000,1200,34000,36000,76.25%,49.20%,76.25%,76.25%,76.25%,76.02%,77.25%
2022-01-07 19:22:51.748825,3,2000,1200,34000,36000,79.00%,46.17%,79.00%,79.00%,79.00%,78.92%,77.83%
2022-01-07 19:23:03.401469,4,2000,1200,34000,36000,75.00%,71.76%,75.00%,75.00%,75.00%,74.57%,77.13%
2022-01-07 19:23:14.732040,5,2000,1200,34000,36000,78.00%,46.51%,78.00%,78.00%,78.00%,77.93%,77.30%
2022-01-07 19:23:27.574954,6,2000,1200,34000,36000,75.00%,49.65%,75.00%,75.00%,75.00%,74.60%,76.92%
2022-01-07 19:23:38.261379,7,2000,1200,34000,36000,75.75%,50.75%,75.75%,75.75%,75.75%,75.75%,76.75%
2022-01-07 19:23:49.089836,8,2000,1200,34000,36000,67.75%,57.48%,67.75%,67.75%,67.75%,67.72%,75.63%
2022-01-07 19:24:02.033773,9,2000,1200,34000,36000,76.75%,53.03%,76.75%,76.75%,76.75%,76.67%,75.75%
2022-01-07 19:24:13.315333,10,2000,1200,34000,36000,75.50%,48.77%,75.50%,75.50%,75.50%,75.50%,75.72%
2022-01-07 19:24:24.219808,1,2000,1200,36000,38000,75.25%,54.20%,75.25%,75.25%,75.25%,75.04%,75.25%
2022-01-07 19:24:33.776976,2,2000,1200,36000,38000,75.50%,54.25%,75.50%,75.50%,75.50%,75.50%,75.37%
2022-01-07 19:24:43.253127,3,2000,1200,36000,38000,73.75%,55.05%,73.75%,73.75%,73.75%,73.74%,74.83%
2022-01-07 19:24:52.906317,4,2000,1200,36000,38000,76.00%,50.55%,76.00%,76.00%,76.00%,76.00%,75.12%
2022-01-07 19:25:03.619748,5,2000,1200,36000,38000,76.50%,52.99%,76.50%,76.50%,76.50%,76.49%,75.40%
2022-01-07 19:25:12.577781,6,2000,1200,36000,38000,71.00%,65.85%,71.00%,71.00%,71.00%,70.19%,74.67%
2022-01-07 19:25:23.789325,7,2000,1200,36000,38000,77.25%,51.33%,77.25%,77.25%,77.25%,77.11%,75.04%
2022-01-07 19:25:34.527762,8,2000,1200,36000,38000,66.00%,66.27%,66.00%,66.00%,66.00%,65.42%,73.91%
2022-01-07 19:25:45.684293,9,2000,1200,36000,38000,81.25%,55.42%,81.25%,81.25%,81.25%,81.24%,74.72%
2022-01-07 19:25:55.806590,10,2000,1200,36000,38000,73.25%,66.36%,73.25%,73.25%,73.25%,72.88%,74.57%
2022-01-07 19:26:10.892013,1,2000,1200,38000,40000,65.50%,68.93%,65.50%,65.50%,65.50%,64.76%,65.50%
2022-01-07 19:26:29.811306,2,2000,1200,38000,40000,78.50%,46.32%,78.50%,78.50%,78.50%,77.78%,72.00%
2022-01-07 19:26:47.267267,3,2000,1200,38000,40000,80.00%,64.61%,80.00%,80.00%,80.00%,79.92%,74.67%
2022-01-07 19:27:04.444165,4,2000,1200,38000,40000,81.75%,45.19%,81.75%,81.75%,81.75%,81.74%,76.44%
2022-01-07 19:27:20.473803,5,2000,1200,38000,40000,73.25%,54.27%,73.25%,73.25%,73.25%,72.61%,75.80%
2022-01-07 19:27:40.366316,6,2000,1200,38000,40000,75.50%,49.44%,75.50%,75.50%,75.50%,74.63%,75.75%
2022-01-07 19:27:54.478519,7,2000,1200,38000,40000,76.25%,67.65%,76.25%,76.25%,76.25%,76.11%,75.82%
2022-01-07 19:28:12.054507,8,2000,1200,38000,40000,75.75%,53.45%,75.75%,75.75%,75.75%,75.56%,75.81%
2022-01-07 19:28:27.502777,9,2000,1200,38000,40000,77.00%,53.65%,77.00%,77.00%,77.00%,76.72%,75.94%
2022-01-07 19:28:44.920764,10,2000,1200,38000,40000,78.00%,51.82%,78.00%,78.00%,78.00%,77.92%,76.15%
2022-01-07 19:28:55.346360,1,2000,1200,40000,42000,73.75%,54.63%,73.75%,73.75%,73.75%,73.38%,73.75%
2022-01-07 19:29:06.057180,2,2000,1200,40000,42000,81.25%,46.48%,81.25%,81.25%,81.25%,81.25%,77.50%
2022-01-07 19:29:14.788216,3,2000,1200,40000,42000,72.75%,54.28%,72.75%,72.75%,72.75%,72.61%,75.92%
2022-01-07 19:29:23.300148,4,2000,1200,40000,42000,68.00%,65.64%,68.00%,68.00%,68.00%,67.96%,73.94%
2022-01-07 19:29:33.742517,5,2000,1200,40000,42000,81.25%,42.78%,81.25%,81.25%,81.25%,81.11%,75.40%
2022-01-07 19:29:43.227670,6,2000,1200,40000,42000,57.25%,67.43%,57.25%,57.25%,57.25%,51.18%,72.38%
2022-01-07 19:29:52.822847,7,2000,1200,40000,42000,73.75%,58.55%,73.75%,73.75%,73.75%,73.63%,72.57%
2022-01-07 19:30:02.446030,8,2000,1200,40000,42000,76.00%,51.46%,76.00%,76.00%,76.00%,75.48%,73.00%
2022-01-07 19:30:12.539321,9,2000,1200,40000,42000,79.00%,53.63%,79.00%,79.00%,79.00%,78.96%,73.67%
2022-01-07 19:30:22.057481,10,2000,1200,40000,42000,79.00%,58.88%,79.00%,79.00%,79.00%,78.79%,74.20%
2022-01-07 19:30:34.505305,1,2000,1200,42000,44000,62.75%,65.07%,62.75%,62.75%,62.75%,62.60%,62.75%
2022-01-07 19:30:45.478795,2,2000,1200,42000,44000,62.25%,65.52%,62.25%,62.25%,62.25%,60.19%,62.50%
2022-01-07 19:30:58.404482,3,2000,1200,42000,44000,75.75%,49.52%,75.75%,75.75%,75.75%,75.74%,66.92%
2022-01-07 19:31:14.462674,4,2000,1200,42000,44000,75.50%,51.34%,75.50%,75.50%,75.50%,75.14%,69.06%
2022-01-07 19:31:28.231006,5,2000,1200,42000,44000,66.50%,63.71%,66.50%,66.50%,66.50%,66.43%,68.55%
2022-01-07 19:31:40.921391,6,2000,1200,42000,44000,76.75%,53.76%,76.75%,76.75%,76.75%,76.74%,69.92%
2022-01-07 19:31:54.410554,7,2000,1200,42000,44000,67.25%,61.99%,67.25%,67.25%,67.25%,67.16%,69.54%
2022-01-07 19:32:05.862152,8,2000,1200,42000,44000,70.50%,58.93%,70.50%,70.50%,70.50%,69.91%,69.66%
2022-01-07 19:32:17.405329,9,2000,1200,42000,44000,64.25%,62.63%,64.25%,64.25%,64.25%,64.24%,69.06%
2022-01-07 19:32:30.847357,10,2000,1200,42000,44000,68.25%,61.47%,68.25%,68.25%,68.25%,68.19%,68.97%
2022-01-07 19:32:41.559788,1,2000,1200,44000,46000,75.00%,51.62%,75.00%,75.00%,75.00%,74.99%,75.00%
2022-01-07 19:32:51.547703,2,2000,1200,44000,46000,76.75%,61.53%,76.75%,76.75%,76.75%,76.74%,75.87%
2022-01-07 19:33:01.638908,3,2000,1200,44000,46000,75.75%,63.93%,75.75%,75.75%,75.75%,75.71%,75.83%
2022-01-07 19:33:11.708193,4,2000,1200,44000,46000,77.75%,73.95%,77.75%,77.75%,77.75%,77.75%,76.31%
2022-01-07 19:33:21.317500,5,2000,1200,44000,46000,73.75%,59.12%,73.75%,73.75%,73.75%,73.38%,75.80%
2022-01-07 19:33:32.020532,6,2000,1200,44000,46000,73.50%,53.50%,73.50%,73.50%,73.50%,73.31%,75.42%
2022-01-07 19:33:42.299864,7,2000,1200,44000,46000,80.25%,62.75%,80.25%,80.25%,80.25%,80.17%,76.11%
2022-01-07 19:33:52.518689,8,2000,1200,44000,46000,76.00%,62.39%,76.00%,76.00%,76.00%,75.85%,76.09%
2022-01-07 19:34:02.708496,9,2000,1200,44000,46000,78.25%,55.84%,78.25%,78.25%,78.25%,78.23%,76.33%
2022-01-07 19:34:12.205651,10,2000,1200,44000,46000,73.75%,55.80%,73.75%,73.75%,73.75%,73.63%,76.08%
2022-01-07 19:34:22.563754,1,2000,1200,46000,48000,74.75%,52.43%,74.75%,74.75%,74.75%,74.43%,74.75%
2022-01-07 19:34:32.366698,2,2000,1200,46000,48000,76.25%,53.21%,76.25%,76.25%,76.25%,75.97%,75.50%
2022-01-07 19:34:42.911090,3,2000,1200,46000,48000,77.25%,54.45%,77.25%,77.25%,77.25%,77.17%,76.08%
2022-01-07 19:34:53.309164,4,2000,1200,46000,48000,73.75%,61.87%,73.75%,73.75%,73.75%,73.21%,75.50%
2022-01-07 19:35:02.919345,5,2000,1200,46000,48000,73.25%,62.83%,73.25%,73.25%,73.25%,71.02%,75.05%
2022-01-07 19:35:12.307476,6,2000,1200,46000,48000,66.00%,66.34%,66.00%,66.00%,66.00%,65.81%,73.54%
2022-01-07 19:35:21.496560,7,2000,1200,46000,48000,72.75%,57.93%,72.75%,72.75%,72.75%,72.74%,73.43%
2022-01-07 19:35:30.675644,8,2000,1200,46000,48000,75.25%,50.50%,75.25%,75.25%,75.25%,75.21%,73.66%
2022-01-07 19:35:39.956750,9,2000,1200,46000,48000,72.75%,55.54%,72.75%,72.75%,72.75%,72.72%,73.56%
2022-01-07 19:35:50.070044,10,2000,1200,46000,48000,81.25%,53.74%,81.25%,81.25%,81.25%,81.05%,74.33%
2022-01-07 19:36:00.004299,1,2000,1200,48000,50000,69.50%,63.43%,69.50%,69.50%,69.50%,69.50%,69.50%
2022-01-07 19:36:08.808297,2,2000,1200,48000,50000,71.75%,55.77%,71.75%,71.75%,71.75%,71.51%,70.62%
2022-01-07 19:36:18.014385,3,2000,1200,48000,50000,64.00%,65.50%,64.00%,64.00%,64.00%,62.79%,68.42%
2022-01-07 19:36:27.855618,4,2000,1200,48000,50000,76.00%,58.57%,76.00%,76.00%,76.00%,75.88%,70.31%
2022-01-07 19:36:37.173733,5,2000,1200,48000,50000,73.00%,56.41%,73.00%,73.00%,73.00%,73.00%,70.85%
2022-01-07 19:36:46.548860,6,2000,1200,48000,50000,78.25%,51.34%,78.25%,78.25%,78.25%,78.25%,72.08%
2022-01-07 19:36:54.737209,7,2000,1200,48000,50000,65.25%,64.46%,65.25%,65.25%,65.25%,64.31%,71.11%
2022-01-07 19:37:04.488424,8,2000,1200,48000,50000,76.50%,56.16%,76.50%,76.50%,76.50%,76.29%,71.78%
2022-01-07 19:37:12.782306,9,2000,1200,48000,50000,68.50%,64.12%,68.50%,68.50%,68.50%,68.45%,71.42%
2022-01-07 19:37:22.299266,10,2000,1200,48000,50000,66.75%,66.77%,66.75%,66.75%,66.75%,66.64%,70.95%
